,date,views,recommend,number,singer
0,2018-04-09 10:07:45,1654,29,공지,김범
1,2011-07-10 04:24:09,17892,169,공지,김범
2,2011-07-10 04:23:36,15416,112,공지,김범
3,2009-03-31 18:10:43,17244,103,공지,김범
4,2010-07-07 16:30:30,18678,108,공지,김범
5,2010-01-04 20:08:03,21250,120,공지,김범
6,2009-07-10 20:20:25,29583,115,공지,김범
7,2020-05-05 03:18:04,51,0,129836,김범
8,2020-05-02 18:53:13,47,0,129835,김범
9,2020-04-28 11:41:58,112,1,129834,김범
10,2020-04-28 05:25:04,79,0,129833,김범
11,2020-04-09 00:24:30,77,0,129832,김범
12,2020-04-09 00:22:35,61,0,129831,김범
13,2020-04-09 00:12:19,57,0,129830,김범
14,2020-04-09 00:09:47,51,0,129829,김범
15,2020-04-09 00:05:06,91,0,129828,김범
16,2020-04-09 00:01:40,73,0,129827,김범
17,2020-03-19 21:38:07,161,3,129825,김범
18,2020-03-17 08:09:19,185,0,129822,김범
19,2020-03-12 05:41:43,104,0,129821,김범
20,2020-02-28 16:23:41,117,0,129817,김범
21,2020-02-12 04:10:17,187,0,129813,김범
22,2020-01-13 03:17:20,218,0,129812,김범
23,2019-12-07 00:46:45,185,0,129806,김범
24,2019-11-27 19:19:04,120,0,129805,김범
25,2019-11-19 15:59:54,172,0,129803,김범
26,2019-09-13 02:57:14,177,0,129801,김범
27,2019-09-01 16:12:06,469,1,129800,김범
28,2019-08-04 00:30:21,389,0,129796,김범
29,2019-07-07 07:54:39,326,0,129795,김범
30,2019-07-07 00:34:15,303,1,129794,김범
31,2019-07-07 00:33:13,224,0,129793,김범
32,2019-04-09 00:03:40,299,0,129789,김범
33,2019-04-07 18:49:27,257,0,129788,김범
34,2019-03-04 00:59:49,334,0,129787,김범
35,2018-12-29 00:46:53,285,0,129725,김범
36,2018-12-22 00:32:56,405,0,129722,김범
37,2018-10-10 10:49:50,374,0,129703,김범
38,2018-09-06 22:25:52,627,0,129669,김범
39,2018-08-31 00:54:47,492,0,129668,김범
40,2018-08-31 00:53:48,398,0,129667,김범
41,2018-08-22 14:01:57,471,0,129666,김범
42,2018-08-20 15:36:32,891,1,129665,김범
43,2018-07-07 22:32:02,486,2,129632,김범
44,2018-07-07 15:33:53,1166,0,129631,김범
45,2018-07-07 13:14:34,408,0,129630,김범
46,2018-05-24 09:00:09,779,0,129596,김범
47,2018-05-13 15:27:21,547,0,129592,김범
48,2018-05-11 20:03:18,712,0,129591,김범
49,2018-05-11 13:12:38,500,1,129590,김범
50,2018-05-11 05:29:27,372,0,129588,김범
51,2018-05-10 10:14:18,628,0,129587,김범
52,2018-05-10 09:10:07,407,0,129586,김범
53,2018-05-09 21:39:02,539,0,129585,김범
54,2018-05-08 14:46:52,483,0,129583,김범
55,2018-05-08 12:15:24,523,0,129582,김범
56,2018-05-07 15:35:13,342,0,129579,김범
57,2018-05-07 15:34:43,382,0,129578,김범
58,2018-05-06 07:02:55,371,0,129577,김범
59,2018-05-03 20:32:19,616,1,129576,김범
60,2018-05-03 20:29:40,404,0,129575,김범
61,2018-05-03 16:01:20,913,10,129574,김범
62,2018-05-02 11:34:33,780,3,129571,김범
63,2018-05-02 01:34:26,386,2,129568,김범
64,2018-05-01 00:32:15,342,1,129563,김범
65,2018-04-30 22:11:38,557,0,129561,김범
66,2018-04-30 21:40:55,490,1,129560,김범
67,2018-04-30 21:39:35,493,0,129559,김범
68,2018-04-29 14:32:59,394,8,129555,김범
69,2018-04-28 21:23:30,270,1,129551,김범
70,2018-04-28 19:13:11,249,2,129550,김범
71,2018-04-27 19:52:42,324,0,129546,김범
72,2018-04-27 19:51:22,302,0,129545,김범
73,2018-04-26 19:11:44,316,3,129540,김범
74,2018-04-26 18:35:27,229,0,129539,김범
75,2018-04-26 18:31:39,247,0,129538,김범
76,2018-04-26 18:28:33,300,0,129537,김범
77,2018-04-26 18:22:56,190,0,129536,김범
78,2018-04-26 05:46:00,212,2,129533,김범
79,2018-04-25 19:59:05,224,0,129531,김범
80,2018-04-25 19:57:21,173,3,129530,김범
81,2018-04-25 15:14:22,183,0,129529,김범
82,2018-04-25 04:47:39,159,0,129526,김범
83,2018-04-24 22:35:51,382,7,129523,김범
84,2018-04-24 21:36:55,170,0,129522,김범
85,2018-04-24 21:06:48,153,0,129521,김범
86,2018-04-24 18:05:32,300,0,129520,김범
87,2018-04-24 17:22:08,130,0,129519,김범
88,2018-04-24 08:25:01,157,0,129516,김범
89,2018-04-24 08:19:24,134,0,129515,김범
90,2018-04-23 23:19:11,159,1,129513,김범
91,2018-04-23 23:13:46,369,0,129512,김범
92,2018-04-23 23:12:03,128,0,129511,김범
93,2018-04-23 21:06:23,128,0,129510,김범
94,2018-04-23 19:17:32,166,0,129509,김범
95,2018-04-23 17:13:07,137,1,129508,김범
96,2018-04-23 17:00:18,207,0,129507,김범
97,2018-04-23 15:59:36,190,0,129506,김범
98,2018-04-23 15:46:36,158,0,129505,김범
99,2018-04-23 15:45:25,192,0,129504,김범
100,2018-04-23 15:43:15,145,0,129503,김범
101,2018-04-23 15:34:27,227,0,129502,김범
102,2018-04-23 12:12:39,123,0,129501,김범
103,2018-04-23 08:35:29,138,0,129500,김범
104,2018-04-23 08:27:07,184,0,129499,김범
105,2018-04-23 07:48:56,194,0,129498,김범
106,2018-04-23 01:26:49,212,0,129497,김범
107,2018-04-23 01:02:27,148,0,129496,김범
108,2018-04-23 00:58:53,166,0,129495,김범
109,2018-04-23 00:55:19,251,0,129494,김범
110,2018-04-23 00:41:03,141,0,129493,김범
111,2018-04-23 00:39:41,178,0,129492,김범
112,2018-04-23 00:15:06,242,0,129491,김범
113,2018-04-23 00:03:36,254,0,129490,김범
114,2018-04-22 21:15:07,217,0,129489,김범
115,2018-04-22 21:07:14,147,0,129488,김범
116,2018-04-22 19:01:58,233,1,129487,김범
117,2018-04-22 18:05:54,204,1,129486,김범
118,2018-04-22 15:32:55,272,3,129485,김범
119,2018-04-22 15:25:21,184,3,129484,김범
120,2018-04-22 15:15:32,186,0,129483,김범
121,2018-04-22 15:12:52,123,1,129482,김범
122,2018-04-22 13:00:39,192,0,129481,김범
123,2018-04-22 12:55:58,136,0,129480,김범
124,2018-04-22 12:13:03,159,0,129479,김범
125,2018-04-22 09:48:16,165,0,129478,김범
126,2018-04-22 08:53:38,247,6,129477,김범
127,2018-04-22 02:49:22,191,0,129476,김범
128,2018-04-22 02:45:23,165,0,129475,김범
129,2018-04-22 02:44:14,171,0,129474,김범
130,2018-04-22 02:41:50,154,0,129473,김범
131,2018-04-22 02:40:44,109,0,129472,김범
132,2018-04-22 02:37:37,166,1,129471,김범
133,2018-04-22 02:35:49,303,7,129470,김범
134,2018-04-22 01:45:45,119,0,129469,김범
135,2018-04-22 01:35:08,177,0,129468,김범
136,2018-04-22 01:01:31,135,0,129467,김범
137,2018-04-22 00:59:17,170,0,129466,김범
138,2018-04-22 00:56:37,164,0,129465,김범
139,2018-04-22 00:12:52,182,0,129464,김범
140,2018-04-22 00:09:44,150,0,129463,김범
141,2018-04-22 00:01:02,146,0,129462,김범
142,2018-04-21 23:41:51,114,0,129461,김범
143,2018-04-21 23:30:39,115,0,129460,김범
144,2018-04-21 23:26:37,182,0,129459,김범
145,2018-04-21 23:24:23,180,0,129458,김범
146,2018-04-21 23:20:17,160,0,129457,김범
147,2018-04-21 23:18:34,117,0,129456,김범
148,2018-04-21 23:06:45,150,0,129455,김범
149,2018-04-21 23:01:12,133,0,129454,김범
150,2018-04-21 22:54:10,168,0,129453,김범
151,2018-04-21 22:01:08,163,0,129452,김범
152,2018-04-21 17:55:19,267,0,129451,김범
153,2018-04-21 14:55:42,166,0,129450,김범
154,2018-04-20 15:20:36,178,0,129449,김범
155,2018-04-18 23:39:35,185,0,129448,김범
156,2018-04-15 03:48:37,156,1,129447,김범
157,2018-04-15 03:46:36,196,1,129446,김범
158,2018-04-15 03:42:12,159,1,129445,김범
159,2018-04-15 03:16:47,114,0,129444,김범
160,2018-04-15 03:12:58,147,0,129443,김범
161,2018-04-15 03:11:51,157,0,129442,김범
162,2018-04-12 19:34:14,273,10,129441,김범
163,2018-04-09 18:03:24,348,3,129440,김범
164,2018-04-09 17:24:03,337,0,129439,김범
165,2018-04-09 16:06:02,169,0,129438,김범
166,2018-04-09 15:41:40,189,1,129437,김범
167,2018-04-09 15:37:45,169,0,129436,김범
168,2018-04-08 12:02:53,216,3,129434,김범
169,2018-03-29 17:51:40,239,0,129428,김범
170,2018-03-29 11:07:09,380,0,129425,김범
171,2018-03-29 09:01:49,476,0,129424,김범
172,2018-03-29 08:54:49,357,2,129423,김범
173,2018-03-23 21:41:35,379,0,129422,김범
174,2018-03-19 05:01:49,181,0,129421,김범
175,2018-02-04 18:36:47,338,0,129418,김범
176,2018-02-04 18:33:15,387,1,129417,김범
177,2018-02-02 15:03:18,319,0,129416,김범
178,2018-01-31 20:14:03,411,2,129415,김범
179,2018-01-30 09:33:05,408,1,129414,김범
180,2018-01-24 21:57:36,530,6,129413,김범
181,2018-01-16 23:08:43,366,1,129412,김범
182,2018-01-16 06:10:54,331,0,129410,김범
183,2018-01-04 19:02:48,286,1,129409,김범
184,2017-12-25 15:05:29,311,0,129407,김범
185,2017-12-05 01:33:31,403,0,129404,김범
186,2017-12-04 03:35:19,637,1,129403,김범
187,2017-12-01 16:04:04,499,0,129402,김범
188,2017-11-03 01:39:30,372,0,129401,김범
189,2017-10-30 21:58:43,427,1,129400,김범
190,2017-10-08 16:10:32,458,0,129398,김범
191,2017-09-23 05:05:08,877,0,129396,김범
192,2017-08-15 14:09:47,495,0,129395,김범
193,2017-08-14 18:33:58,582,0,129394,김범
194,2017-08-13 21:51:03,462,0,129393,김범
195,2017-07-21 03:50:10,906,15,129379,김범
196,2017-07-08 09:35:30,368,0,129377,김범
197,2017-07-07 23:41:23,1014,15,129376,김범
198,2017-07-07 21:32:56,306,0,129375,김범
