,규현,Mena Massoud,CHANGMO,김동률,헨리,Jvcki Wai,박봄,보아,Woodie Gochild,Billie Eilish,빈지노,청하,이하이,장혜진,Ariana Grande,지아,Imagine Dragons,Farruko,Will Smith,우주소녀,태연,한동근,Josh Gad,박재정,백예린,블랙넛,이용신,박혜나,기리보이,숀,박경,Zedd,먼데이 키즈,우디,크레파스,정승환,적재,Michael Buble,팔로알토,SG워너비,Coldplay,성시경,이영지,유노윤호,Evan Rachel Wood,Crush,Martin Garrix,그리즐리,EXO-CBX,윤훼이,김길중,저스디스,서인국,VICTON,쿠기,황인욱,Kiana Lede,김범수,로시,잔나비,ZENE THE ZILLA,Selena Gomez,송하예,EK,김민석,맴맴,Ruel,빈첸,NCT DREAM,Anne-Marie,김동준,하성운,Post Malone,신예영,은지원,에이치코드,Aurora,(여자)아이들,바이브,브라운 아이드 걸스,Sia,에픽하이,김필,아이유,사이먼 도미닉,Kristen Bell,카더가든,비와이,윤하,보라미유,pH-1,Zara Larsson,허각,백호,Pink Sweat$,이우,오반,CHEEZE,John Legend,Bryn,핑클,한요한,임창정,Jeremy Zucker,SIXC,윤건,권순일,문성욱,이소라,Jonas Brothers,최자,WOOGIE,P.O,Young B,다비치,HYNN,김재환,케이시,개코,MINO,옹성우,노을,창모,YUNHWAY,육성재,WINNER,디오,멜로망스,Disclosure,Alan Walker,AB6IX,로꼬,Social House,Dua Lipa,전상근,스윙스,우원재,딥플로우,지구인,Mariah Carey,마크툽,스텔라장,앤씨아,장덕철,Troye Sivan,권진아,AOA,지올팍,정준일,Marshmello,뉴이스트,케이윌,가비엔제이,송이한,산다라박,장범준,이진혁,투모로우바이투게더,박효신,히키,FTISLAND,TWICE,황치열,Colde,도넛맨,Panic! At The Disco,EXO,김호진,임현식,린,피아노맨,TAKUWA,양다일,MC몽,방탄소년단,Juice WRLD,NO:EL,윤비,데.비,ITZY,크러쉬,김나영,Shawn Mendes,Alessia Cara,엠씨더맥스,반하나,최엘비,Adam Levine,Sam Smith,매드 클라운,박다혜,보이비,JINU,Kid Milli,하은요셉,IZ*ONE,여동생,ASH ISLAND,PRODUCE X 101,지코,선미,백현,Maroon 5,송민호,스탠딩 에그,비투비,송가인,픽보이,샘김,릴러말즈,홍진영,악동뮤지션,Naomi Scott,The Chainsmokers,영비,Lukas Graham,Taylor Swift,여은,AURORA,모모랜드,짱유,BIG Naughty,애즈 원,Osshun Gum,마마무,갓츄,박재범,닐로,천단비,폴킴,X1,강다니엘,김하온,휘인,GOT7,정인,Mike Perry,Charli XCX,박진영,FANXY CHILD,Lauv,오마이걸,Sabrina Carpenter,빈센트블루,윤딴딴,어반 자카파,Sik-K,빅스,공기남,Ed Sheeran,세훈&찬열,소유,윤종신,엔플라잉,정효빈,WH3N,Arizona Zervas,자이언티,윤민수,V.O.S,볼빨간사춘기,이석훈,치타,강현준,세븐틴,윤미래,루피,이해리,김승민,세정,첸,Idina Menzel,GRAY,다이나믹 듀오,현아,김효은,Khalid,Jonathan Groff,태용,Justin Bieber,DAY6,산들,The Quiett,Adele,이수,펀치넬로,SUGA,벤,어쿠스틱 콜라보,CL,하은,iKON,에피톤 프로젝트,염따,슈퍼주니어,Hash Swan,Camila Cabello,브라운 아이드 소울,백지영,BLACKPINK,화사,Straight No Chaser,유산슬,플라이 투 더 스카이,VAN.C,로코베리,Fitz & The Tantrums,넬,임재현,원슈타인,임한별,펀치,그루비룸,서동현,제니,헤이즈,에일리,Charlie Puth,전소미,길구봉구,박지훈,거미,10cm,Halsey,마미손,레드벨벳,존박,여자친구,비
2019-05-27,6.72417,51.39471,5.23076,32.62855,25.18859,15.7425,0.56949,4.2474,23.1884,100.0,35.72401,3.16138,100.0,12.48945,62.38645,17.62197,100.0,81.13207,64.07528,32.31744,4.84116,39.79987,0.72202,38.32173,0.57044,2.50675,0.70598,5.41741,8.09154,42.88168,0.50556,26.7102,12.0704,14.3188,63.81863,2.23661,0.66659,26.50862,13.66187,52.50693,53.87104,11.37388,35.16236,3.64977,0.77984,89.61839,41.10535,18.89806,22.36248,0.40781,86.8123,4.65854,13.90184,8.9756,11.63668,2.44722,2.90404,3.27608,28.40302,100.0,10.65759,21.14478,0.82379,1.80735,1.30252,11.2426,29.53995,4.96709,16.88018,93.00911,5.28111,39.73148,20.84432,0.41388,10.98561,19.89017,16.84448,8.78886,2.3037,2.38189,24.18156,1.88353,1.24823,4.33582,32.49878,1.45882,11.29132,0.60723,9.13144,20.742,29.08755,4.42994,3.76431,4.10001,20.77702,6.5306,23.60784,80.92729,67.94258,11.21428,1.38932,17.81917,1.66352,100.0,38.15789,54.27074,10.83903,2.13846,3.80932,57.37024,0.18289,12.33382,66.39344,6.97399,16.79698,3.59666,18.49716,14.04955,19.22993,59.0909,7.40277,12.65741,10.18475,100.0,28.17117,48.52617,100.0,7.7165,77.47201,79.19959,100.0,93.77022,1.1583,17.31651,3.61708,100.0,14.5235,10.01499,30.79622,19.35483,6.99033,7.50947,4.65065,5.70306,93.24324,1.5964,1.84461,6.49161,1.3582,73.4659,34.91372,21.59345,24.9889,5.59593,25.42361,2.83332,3.53487,15.96916,1.25487,18.05033,48.24976,17.8227,17.4052,94.87796,1.59334,5.97804,42.22285,100.0,3.38455,11.8947,98.75318,2.30414,0.95842,0.51874,87.77618,0.08952,16.33002,0.14526,41.42857,5.67793,8.7288,2.62192,46.2914,72.09775,43.82913,9.13007,2.20969,95.03816,56.32183,11.01379,7.23095,24.83354,0.67898,10.52974,100.0,32.58769,83.26324,34.01617,42.16605,6.98128,0.86758,5.16039,59.31617,40.61092,52.78171,100.0,71.31374,2.01318,12.40611,4.82775,3.81776,4.21915,62.64526,48.03881,0.594,35.54572,48.70596,13.6,16.84448,2.47408,0.03104,6.85043,0.14671,31.17154,19.34689,0.27662,14.0115,0.27995,2.61203,5.743,0.60776,15.75755,15.71299,1.85268,55.30419,57.56977,38.06519,1.44374,2.3598,6.29993,33.68485,16.94328,98.84726,19.3914,45.25501,1.6546,100.0,58.47703,100.0,76.09279,0.19857,13.26131,2.26866,13.30607,17.39654,21.29826,0.81632,3.80683,4.57805,12.6288,18.76104,4.23521,20.32132,19.23154,22.88784,34.91465,60.14168,3.98919,6.44732,3.63235,2.94533,0.75517,74.74845,11.41169,20.81337,14.86572,73.86503,0.42265,5.48719,71.17948,37.33434,31.41798,63.21839,47.81553,29.31963,0.18127,14.36619,2.05582,17.62381,13.01689,5.17861,9.48533,23.72394,4.71276,8.0059,13.63636,20.12158,5.75634,1.57007,82.31584,0.42949,1.34529,0.74588,4.45542,49.51219,1.50861,100.0,41.1677,13.46479,4.47528,15.24732,8.10992,44.93408,0.61714,63.68533,6.31661,3.57488,84.46849,6.52814,3.1445,14.18967,3.71862,15.46312,90.83612,8.52249,10.14472,84.60079,8.25889,32.85325
2019-06-03,3.19724,44.84752,6.15384,31.58612,47.20333,16.06337,0.4542,100.0,26.08695,69.9258,36.52117,100.0,6.96117,24.64417,58.58794,64.94988,20.29467,64.15094,94.51718,84.5638,4.20204,47.71628,0.60168,7.99069,0.49843,2.33191,0.60561,4.87509,8.85047,43.27442,0.49057,33.48229,5.28488,10.92414,56.07649,2.50856,0.54292,26.07758,22.62787,32.29042,56.06655,9.71366,39.95762,100.0,6.71865,73.90376,100.0,22.20116,18.44003,0.40589,70.99393,4.88619,12.92781,19.51219,10.97497,3.00502,2.14646,3.14805,17.76337,37.13933,8.20861,23.77104,1.10928,1.89069,3.03062,14.64497,30.8414,5.5591,23.99782,99.39209,5.33308,88.07086,20.40974,0.11496,24.15448,19.00549,16.27869,9.9597,2.12677,1.82664,24.86573,1.01852,1.2575,5.24727,34.73888,4.75294,4.31531,0.80042,7.90929,12.02994,27.50603,4.28047,5.13747,5.22638,17.9054,10.80416,100.0,82.61327,73.92344,10.28571,1.19801,14.44359,1.63644,79.52552,100.0,53.2227,10.60496,1.79988,2.25072,74.94809,0.17905,16.322,58.74316,3.6643,11.38549,9.03833,11.03227,10.58807,22.95028,54.54545,8.46824,12.84104,9.72827,91.52542,35.64996,48.27687,2.40005,12.29331,66.41791,74.35681,43.62351,77.49797,0.86872,16.25573,2.88176,15.99797,14.14125,8.04826,26.8286,12.79569,10.97126,15.6573,3.1482,6.08158,100.0,1.62941,1.96778,5.98103,1.1602,79.88636,29.96977,17.50003,43.82487,6.35901,32.91563,2.19346,3.01983,15.30875,1.11784,100.0,38.12677,10.46477,15.68652,95.73736,1.5743,5.72675,31.85584,8.94881,3.92811,8.66837,53.10432,15.20737,1.12581,0.35841,92.03657,0.07335,15.8165,0.14077,100.0,5.13068,13.60239,6.79835,47.19328,81.05906,45.76271,8.4839,6.3634,95.03816,54.6798,10.41425,17.77509,22.17023,0.37721,31.80114,74.05085,41.68784,82.00168,55.30997,48.15574,5.8742,1.23782,4.88897,57.62581,43.07863,51.99271,93.97063,97.23518,0.29119,12.54045,4.6778,6.48702,29.91675,92.37738,52.81035,0.28866,33.40707,46.94464,11.21739,16.27869,2.6894,0.03611,22.7893,0.3286,25.94142,18.69636,1.1065,15.66745,0.26715,2.00131,5.68523,0.50721,17.87828,19.66844,1.81142,42.89867,100.0,38.59095,100.0,1.43786,9.71112,43.89657,13.65983,74.63976,95.46539,37.75461,2.26496,65.88693,49.57467,94.69827,76.94749,27.28355,5.45597,97.32495,9.70159,14.76897,3.43657,1.12244,4.19878,5.95849,10.08866,16.86434,3.20675,24.66419,16.77367,19.63486,23.40583,55.66487,2.49451,6.72866,3.47959,3.10321,0.54087,70.62693,9.77459,0.96663,19.80818,67.17791,0.50718,6.44289,67.07692,27.18964,91.58878,26.43678,51.94174,25.35679,0.18771,16.23239,1.60751,18.81614,17.37481,4.48667,8.31098,23.36239,4.8922,26.04064,12.03208,19.60486,5.74479,1.6145,71.6563,0.56032,1.5695,0.75736,4.91207,100.0,2.26009,28.04171,42.36521,13.11929,2.87944,9.94851,8.11381,52.46582,0.20912,59.87718,2.11663,2.6578,100.0,61.50252,2.62364,9.44698,3.21462,13.29413,100.0,7.25858,14.65027,81.72011,8.14308,46.47813
2019-06-10,28.30753,100.0,3.6923,34.21983,16.09424,16.54467,0.76373,8.22792,7.24637,57.57816,45.74307,14.4737,16.4951,6.4312,57.92733,20.80633,16.3282,83.96226,89.19803,81.18934,5.44231,41.67857,0.60168,5.32815,0.46023,8.13192,0.44814,4.74239,14.86049,38.10137,0.47579,30.56033,5.60405,8.47815,59.77791,5.92786,0.61484,32.43534,16.03238,28.50957,47.33071,9.89619,35.33099,16.22827,47.93041,77.388,41.36442,20.2924,25.33814,0.46958,54.64943,2.40192,12.27145,18.7317,12.06834,3.23631,4.0404,3.40495,48.22399,22.70765,10.79365,21.48148,2.01043,1.73305,1.54572,10.94674,25.84745,6.31986,15.5547,100.0,100.0,36.65075,18.48517,0.11496,49.13476,16.96156,18.08923,12.66631,2.46624,1.82199,22.16582,1.56327,1.47171,4.3522,24.04466,2.54117,4.79357,100.0,7.19253,11.6329,22.66205,100.0,4.08547,4.64863,16.63851,7.54519,28.63869,74.39409,66.74641,7.71428,1.23492,14.07821,5.09913,69.67509,53.61842,52.24454,15.41231,2.20075,2.19638,100.0,0.14945,12.85081,76.77595,4.13711,9.21032,4.45367,7.27899,8.1046,15.49333,95.45454,23.76119,13.30426,11.45255,87.9661,27.7327,100.0,2.02409,8.65611,84.18843,72.5744,21.74064,64.14846,100.0,16.3274,1.90236,11.39395,11.73302,8.27143,28.2591,15.69892,38.81212,100.0,2.15702,4.09352,88.59797,1.66142,1.874,4.95988,1.20017,66.25,26.10427,19.1377,20.15973,4.36046,24.88688,2.1581,38.70467,11.97284,1.17163,46.02256,25.54399,10.28569,19.23255,51.49535,1.27912,5.39611,31.72909,7.46779,3.55993,7.17232,45.57251,18.43317,0.93141,0.3734,100.0,0.10107,20.23279,0.13769,57.14285,6.04728,7.68129,16.799,43.11926,68.63543,45.67371,8.28048,5.15811,85.1145,51.34099,7.21916,10.66505,23.4479,0.22632,17.68541,50.01741,35.84138,80.90832,50.08086,92.13137,7.60027,1.23068,39.63674,61.08336,100.0,53.89439,87.50367,71.44597,0.29186,13.46658,4.99021,4.74936,9.78336,100.0,47.79619,0.25829,33.18584,62.47304,10.53913,18.08923,2.53729,0.06776,31.44104,0.16458,20.9205,17.44124,49.34301,11.77812,0.24829,1.7404,41.49031,0.53113,28.52145,18.86962,1.69762,43.48538,53.19905,41.64037,22.64606,2.68611,7.69821,32.17426,13.95902,96.82997,30.54892,100.0,5.82452,57.6998,48.59808,72.22701,73.33333,51.58856,5.60907,8.32089,7.71304,23.49581,3.69113,5.81632,5.49189,6.50365,12.07764,15.99329,3.51255,22.17475,44.14125,18.56282,21.67037,50.52393,1.97029,56.60362,3.18985,3.65453,0.90825,82.52708,7.19172,0.62255,19.15601,100.0,0.42265,5.88244,74.25641,27.36481,45.84595,51.14942,48.66504,24.01267,0.14873,13.66197,1.90792,17.3275,14.20649,3.64271,100.0,31.16758,3.56181,5.74502,29.14438,20.36474,5.51505,4.83162,100.0,0.66372,4.26008,0.69516,4.62017,37.31707,5.18679,14.48435,40.01827,7.99591,3.2784,10.59885,8.24119,41.68701,0.16277,77.83866,2.00437,2.36848,97.5175,100.0,2.22695,8.97329,3.45956,15.57636,75.82417,6.90757,17.99096,80.6354,9.425,61.91725
2019-06-17,5.57545,67.26405,16.92307,39.31044,32.35127,13.89752,0.57039,2.89888,18.84057,48.72151,55.23234,27.18241,3.01248,14.71296,56.19322,19.74026,16.58745,88.67924,100.0,53.86419,100.0,37.0635,2.16606,5.83354,0.54293,5.06921,0.46624,4.66739,14.41123,36.60407,0.40652,35.26985,6.06468,10.73025,59.13016,3.05543,0.70853,24.35344,16.25814,60.0396,52.96972,8.66188,36.55467,70.55598,100.0,77.24579,27.28842,20.26533,18.75563,0.40444,50.14297,2.3673,10.59609,23.70731,10.59243,12.29959,3.15656,3.8538,59.3241,24.759,12.4263,21.88552,3.12287,1.80836,100.0,9.02366,22.69975,5.8282,12.32271,79.63525,15.94309,45.72027,17.58497,0.25293,25.07922,16.01586,16.42418,12.05048,2.76698,2.73706,22.76907,0.97326,1.55481,4.92822,22.45648,2.4,5.88186,2.07225,10.41753,6.04019,22.67626,30.42532,3.68335,5.79471,28.46283,100.0,21.9598,67.4394,65.311,6.92857,2.2919,12.21224,1.72317,63.43476,39.47368,52.50655,15.77241,2.90026,2.52319,72.31833,0.24836,11.29985,55.7377,3.54609,9.27894,4.13316,6.1942,100.0,16.21358,79.0909,7.66904,13.12774,20.80529,68.64406,29.41722,38.862,3.06555,13.3897,70.47574,77.93845,13.48936,66.05987,94.11196,15.625,1.91456,52.35158,13.46129,8.56784,30.79622,15.91397,34.51846,31.60712,1.49648,3.61296,85.72635,1.67693,2.10037,2.99051,1.08338,64.14772,23.91581,17.58274,21.86806,6.57703,19.9654,2.34452,8.85946,14.50562,1.04331,40.43004,28.19299,9.0113,18.01396,43.31385,1.51717,4.94643,27.07718,8.41011,4.01774,7.43652,100.0,6.45161,0.91706,0.32098,77.57107,2.68682,17.01472,0.12654,10.0,5.14026,6.94858,33.04733,75.41595,71.28309,37.62388,8.02919,3.49274,79.38931,47.78325,6.91446,6.38452,30.34011,0.64126,18.3863,55.79937,38.68835,87.55256,57.7628,50.75549,9.57833,40.37443,9.05774,52.97733,67.82085,51.30487,79.12724,94.50385,4.40115,10.53959,100.0,3.56367,3.15427,95.71597,44.80388,0.30761,33.99705,79.36736,11.63478,16.42418,1.82056,0.10537,60.61681,0.15388,19.24686,17.68748,100.0,15.28827,0.23421,1.65151,7.5501,0.81945,17.6415,24.10061,1.76217,33.099,58.07003,42.58675,9.17914,1.60024,8.02089,24.68648,13.11651,85.30259,19.77923,84.44654,4.94969,55.16569,67.78545,52.02586,71.08669,60.44479,4.79208,3.42757,8.78329,34.92637,1.01824,5.10204,4.46556,19.79893,8.4831,21.29689,3.50386,19.85381,35.54373,100.0,18.07957,60.05805,1.93511,35.62441,3.41219,2.77753,0.86743,78.36687,8.1879,0.61588,41.3491,83.86503,0.59171,5.43778,68.30769,21.68316,31.22462,56.32183,51.39563,22.96857,0.24235,12.5,1.66045,17.46154,11.48605,3.96531,13.60771,33.00723,3.23223,5.55752,67.37967,55.92705,6.51359,100.0,66.0769,1.4402,1.12107,0.74629,5.2541,30.4878,2.13786,9.50173,69.41278,29.89508,2.28967,9.54451,10.01779,43.10302,0.14871,58.60718,1.78047,2.78861,81.60407,18.75182,2.36402,8.23781,3.25816,12.13559,56.17773,7.56859,95.09251,99.31242,11.66184,54.82541
2019-06-24,6.54295,55.12357,24.61538,34.70973,15.86495,13.89752,0.42531,2.54272,30.43478,52.79544,43.86156,32.53181,1.28896,12.42514,58.29892,25.35027,11.72658,78.30188,90.67103,62.33839,16.54018,31.51589,2.2864,5.99224,0.43378,2.95185,0.37631,4.88086,7.3949,35.76337,0.30614,31.96974,5.2809,10.90102,55.3979,2.85974,0.95882,21.3362,15.17448,30.2099,46.15206,7.93653,100.0,15.60926,65.56688,73.69044,33.24697,19.20942,14.87826,0.32407,46.91753,2.59705,11.30395,17.26829,21.33219,100.0,2.39898,35.75944,6.77204,69.86659,9.93197,22.62626,2.98527,2.37968,2.10387,12.72189,19.03753,5.40101,10.6704,52.43161,9.50139,43.50553,15.81561,0.41388,100.0,16.62599,16.27869,34.54725,2.5347,3.70758,23.14426,0.92275,1.21974,4.79027,25.50107,1.03529,3.56854,1.05938,12.48701,100.0,24.08257,25.53336,3.51818,5.01208,36.40202,3.81057,16.50268,62.1707,75.83732,9.71428,2.72728,13.34445,1.42013,54.5642,35.19736,48.94323,22.95642,2.18957,2.28884,53.14878,0.53217,13.36779,50.54644,4.43262,7.80681,3.99241,5.46102,7.24294,16.09985,77.95454,10.86066,11.60895,26.89864,60.67796,24.67455,29.87241,2.95966,10.51025,59.84141,72.89389,10.3623,73.12904,57.91505,15.711,2.11746,8.45073,15.42239,8.71778,32.73954,13.2258,33.38801,7.84153,1.28152,3.45497,77.44932,1.33336,1.70132,1.16703,1.06977,61.36363,22.06943,19.58885,21.35778,8.68459,14.0636,1.67599,4.06746,22.8079,100.0,36.63099,47.39829,8.65106,19.56489,36.71364,1.76156,4.37772,29.37192,9.38138,3.85009,7.29712,89.92366,3.68663,0.7091,0.39311,67.56986,0.73119,23.21122,0.12269,7.14285,7.06051,6.83577,6.36947,79.16342,57.02647,39.97815,7.5685,3.12337,83.58778,47.34537,7.62502,5.10278,30.07018,0.26405,18.1092,61.12852,42.50127,98.82253,100.0,35.85969,28.95522,1.02742,5.68121,52.74683,55.95655,47.72405,75.68881,60.22032,2.41449,15.54682,95.15141,2.758,2.14115,85.06992,37.52527,0.53594,29.20353,50.57512,15.77391,16.27869,2.89342,0.05462,49.01746,0.14205,14.85355,15.9293,59.40525,14.18221,0.20684,2.8156,5.78744,0.67628,19.28328,16.4431,1.53558,33.32628,52.83043,42.9022,6.62964,1.55611,7.42163,21.44136,10.13363,81.84438,33.08472,50.55266,5.25934,74.65886,53.52471,34.49712,75.89743,100.0,6.84026,2.33886,9.85474,21.99796,0.97581,3.87755,5.63463,19.07949,16.65468,12.84945,2.88903,18.64825,28.63162,21.57934,100.0,50.92241,1.6711,24.05829,2.94904,2.56998,0.94907,75.44504,7.97666,0.69063,56.71994,73.19018,2.11327,5.81142,65.53846,22.17821,27.96326,58.62068,49.51456,24.43133,0.19002,12.25352,12.28067,14.93579,8.8675,100.0,8.64794,29.14717,3.25785,4.7729,78.07486,74.28571,6.50974,61.29381,60.33108,3.73594,1.12107,0.78038,5.20934,14.63414,1.83682,9.38586,38.64281,9.05223,1.64787,10.74296,12.61413,49.76806,0.13558,100.0,4.81102,20.20916,72.18332,15.54736,2.2721,38.30348,3.35406,9.82288,47.67319,6.08856,23.33161,100.0,11.17052,53.06256
2019-07-01,9.5108,41.63896,13.53846,29.30234,11.86424,10.15742,94.58801,2.40654,43.47826,46.18441,47.41168,10.67127,0.82985,9.68502,57.308,29.80561,11.20376,61.32075,77.7414,54.85442,5.44819,29.80055,57.76173,19.30108,0.35226,2.7737,0.73341,5.34241,7.72091,35.26018,0.5501,35.40735,7.1274,9.17728,75.07711,2.15928,0.81325,19.28879,11.24943,29.86666,40.69794,7.74924,35.24019,7.92022,41.87162,65.93979,48.27288,19.03343,25.56357,0.33,42.41107,2.18056,11.71517,25.26829,14.19561,12.55225,14.5202,5.26868,4.85044,24.8241,5.07936,23.29966,4.21749,2.24011,1.64422,61.68639,23.45641,4.89365,13.57959,45.13677,12.15117,40.9983,38.32065,0.25293,36.21121,13.02623,16.47268,22.48156,2.72444,2.12831,22.88677,3.01883,1.29997,5.01355,24.8977,1.03529,2.7972,0.86312,43.45895,5.41046,22.05596,10.97975,3.70116,4.6632,31.16554,2.66215,14.71339,68.70389,71.05263,8.35714,2.98857,13.1114,72.84931,57.96802,17.92763,46.30567,52.03456,2.03625,4.43956,50.44982,0.28248,11.07828,57.10382,4.72813,6.61025,7.62113,5.36452,6.33572,20.00433,60.45454,8.98979,14.69393,23.09994,64.91525,26.58822,26.79278,74.82114,10.91891,68.23694,70.20346,59.6222,67.89037,29.44015,14.99426,2.21052,7.36511,16.37572,9.54074,76.43724,8.8172,44.86426,4.95419,1.48976,3.31343,71.62162,1.49475,1.75994,0.51057,0.93205,57.04545,21.60605,20.043,30.20263,7.44912,100.0,1.7925,5.72301,17.70606,3.64802,32.74515,55.43992,9.72346,17.59405,30.18219,1.68221,4.25869,40.02648,8.93112,3.62119,6.81573,45.36895,23.04147,0.64506,0.34511,63.8039,0.35462,13.79664,0.14244,,8.55975,7.20212,4.27383,76.33338,56.61914,35.5649,7.67619,2.51425,71.37404,47.94745,5.58584,16.95284,62.20982,0.30177,18.696,45.10623,35.53634,87.55256,67.25067,58.98603,7.7162,1.07903,12.35532,44.41029,40.32936,46.00445,76.33395,42.99495,0.41789,16.16356,59.25771,8.20995,1.7738,66.5255,36.79741,0.58963,29.42477,52.6959,13.44347,16.47268,1.75859,0.09134,15.82969,0.14876,21.96652,19.44704,33.12586,61.73053,0.22178,1.68019,4.47534,0.55344,17.77516,21.30903,1.5439,99.87842,52.04054,38.27549,5.81844,1.40144,6.97602,19.58469,9.50789,78.67435,16.52744,44.89973,100.0,65.30214,50.21973,22.27011,78.77899,38.28435,6.50653,14.40041,100.0,16.28585,8.27322,3.97959,5.01894,22.62462,10.80757,12.83257,6.89184,100.0,21.14767,17.26917,31.10407,50.45997,1.30129,18.28305,3.01916,2.6899,1.19399,72.19427,8.20711,100.0,50.14066,96.25766,49.19695,6.49847,69.1282,28.13404,25.84595,63.7931,47.57281,21.05156,0.15432,34.85915,10.18628,15.11923,11.3723,5.29403,6.86672,29.16843,3.4969,5.53032,56.41711,82.82674,6.14267,4.11639,47.47306,1.41143,3.13901,0.75924,5.20934,19.26829,1.59349,11.58748,36.06983,6.72283,1.89071,100.0,16.36473,62.19482,0.14269,91.24023,5.39347,100.0,66.90006,12.84794,2.0665,7.75699,14.31364,10.01887,39.26421,3.88565,14.58961,98.54187,51.75179,31.27959
2019-07-08,5.25295,37.92455,16.61538,46.93163,17.7193,9.87666,1.17339,1.99033,7.24637,46.38977,40.56395,7.93465,0.75487,8.48734,58.79438,26.20313,11.97286,95.28301,69.72176,28.53203,5.2621,34.21822,100.0,59.84622,0.33098,2.84926,0.50393,4.43662,10.1342,35.33382,0.50106,39.2231,4.9406,7.86394,97.71745,2.05522,0.78838,24.03017,12.78784,30.09372,41.85347,8.08255,28.43429,4.17681,27.35452,76.67693,60.88082,18.54609,52.11902,0.34428,42.9372,2.68098,10.98048,37.17073,14.34036,10.70005,46.96969,4.57221,28.07618,14.23438,7.02947,20.94276,3.05885,2.30237,2.62361,100.0,20.46004,5.66786,17.27358,42.85714,12.18051,78.89386,37.21868,1.33363,29.70976,14.88712,16.74749,16.9391,2.5892,1.84758,21.68027,0.9099,1.18974,11.50115,24.50932,1.64705,64.8602,14.58249,20.923,3.0266,23.42913,7.16129,3.34977,5.02237,21.11486,3.66317,14.18056,57.74499,66.50717,8.78571,21.51823,16.18927,1.83078,57.09128,22.20394,67.21397,21.98415,2.43072,2.55263,49.06574,0.36186,10.26587,51.09289,3.25059,6.31707,6.75436,5.12882,6.39609,16.34355,77.5,9.3843,51.59876,18.9963,56.94915,47.5853,28.61123,3.0731,60.98058,73.74067,74.91172,11.38619,78.33737,22.58687,14.86525,2.97482,8.42797,23.46488,9.39777,39.94601,14.51612,57.80164,4.88888,1.09717,3.34415,71.79054,1.24062,1.56473,0.43763,0.967,51.70454,20.72135,18.56173,100.0,8.53924,17.44366,1.40829,6.89325,13.91939,2.41132,25.08919,25.35477,22.76513,16.32799,42.72946,1.52669,3.70321,31.38479,15.52253,3.02088,7.34575,38.70229,79.26267,0.99568,0.63167,64.2979,0.23333,14.99486,0.14269,,100.0,20.88216,3.79703,83.76613,79.22606,36.51146,13.93442,2.11249,83.96946,51.17679,10.38341,6.84401,33.21936,9.35496,25.93317,47.37025,35.12963,79.64676,63.26145,100.0,6.6503,0.90438,100.0,53.66884,40.35063,54.96661,74.86379,39.89856,0.20894,11.44537,44.42454,3.13177,1.61635,55.65294,36.91872,0.25666,25.9587,49.46081,10.29565,16.74749,10.3297,0.06656,13.37336,0.1985,18.20083,28.1401,23.85892,15.89716,0.28068,1.94397,8.43752,0.51548,27.45161,20.93682,1.89427,37.77683,58.03054,45.74132,3.88218,1.2502,29.47141,18.24104,8.69066,98.55907,16.19928,48.48413,6.03158,65.88693,52.49415,20.4885,95.87301,27.64098,6.69182,4.9827,30.53259,14.66742,13.53415,1.83673,4.09909,20.53113,9.75317,11.27299,4.95401,39.77644,21.67937,19.67289,19.46965,53.72657,1.4076,18.53704,2.97676,2.87154,1.2144,73.06501,7.6454,1.49319,34.96163,98.8957,100.0,4.98849,80.61538,37.22772,37.64421,38.50574,49.3932,22.69907,0.16221,100.0,6.7207,14.42077,8.64712,8.88719,6.23134,21.80986,2.62225,28.08814,48.12834,100.0,6.18374,2.04608,48.39274,100.0,2.69058,0.73794,5.27918,16.82926,1.80287,8.92236,31.93863,15.76223,1.17953,8.47908,13.04977,54.58984,0.16733,72.68328,5.83128,14.16854,74.4112,5.81009,2.15922,8.43639,8.49036,11.81184,35.43239,4.92003,12.1821,60.02015,17.47206,39.80512
2019-07-15,17.61885,30.91487,3.38461,41.35479,39.63616,9.34523,1.57111,1.89558,50.72463,42.45495,37.23417,5.88727,0.61462,6.62888,54.91329,100.0,12.65986,87.73584,58.10147,27.59015,6.61808,33.43543,81.10709,11.57541,0.33187,2.82389,0.5015,5.14048,8.97504,34.5729,0.30589,41.25128,6.77356,6.79073,100.0,1.9953,1.59545,22.09051,12.26536,35.09966,42.20013,100.0,36.40766,4.33641,14.75704,76.48731,73.2297,18.8033,27.18665,0.75675,41.42742,4.16021,12.09593,39.02439,13.41501,10.9466,45.45454,2.87412,100.0,10.5259,34.35374,25.18518,3.60585,2.1869,2.65125,46.30177,18.2506,5.29225,34.44832,43.92097,8.47074,64.04433,33.711,0.27592,17.12364,12.47712,18.34788,15.68463,2.40031,2.3466,24.54204,1.01182,100.0,13.06706,25.9588,2.30588,11.84347,1.17808,27.44051,2.60515,27.16037,6.01983,3.23372,7.15681,22.12837,11.87029,13.72952,62.27608,69.37799,10.0,69.25769,19.33631,100.0,55.07993,12.5,48.83842,17.879,2.25505,2.89945,44.22145,0.29584,11.59527,57.65027,3.36879,6.97682,3.23434,4.45081,5.78798,18.23351,62.5,21.11469,18.32979,26.04214,58.30508,39.94426,25.2383,2.50456,77.45981,78.45149,72.96115,9.77293,66.05987,21.62162,13.56077,3.42028,10.41962,18.09936,10.99487,30.87719,10.32258,67.2195,4.33698,3.69604,3.41437,86.40202,1.47561,1.53374,1.53172,1.31278,58.125,23.56546,15.8744,51.33855,10.21075,15.11488,1.37548,100.0,16.52555,2.0483,21.09729,24.31409,10.14513,15.87854,28.53214,2.06627,3.41224,26.54748,31.17371,4.55228,7.2566,33.79134,63.59447,0.98303,0.3835,71.31487,0.16402,14.72098,0.16859,,18.27411,100.0,4.51259,79.55216,85.13238,39.17317,9.57879,2.54665,80.53435,96.66119,9.44462,97.55743,29.08043,13.84383,21.22249,36.8861,32.94356,77.37594,56.38814,83.91289,6.81746,0.97932,12.52736,50.48021,39.51346,100.0,79.71876,55.65285,0.61092,11.63874,49.50639,2.84867,2.05696,48.7985,34.29033,0.26814,35.91445,45.97411,12.66086,18.34788,1.55416,0.07164,42.41266,0.30402,11.71548,25.21868,18.01521,100.0,0.21547,1.80061,7.47127,71.55236,29.04948,100.0,1.78713,29.85358,57.45129,100.0,3.97392,1.24746,23.04855,17.19869,11.44812,98.55907,20.94272,47.00773,3.44144,95.7115,44.73028,18.95114,100.0,27.52184,5.4481,2.87814,13.93978,12.56029,23.08018,1.0204,3.41204,14.19326,10.80757,11.72313,6.40095,37.08291,26.61516,18.37805,15.05394,56.62911,1.34078,35.63613,3.10994,2.37273,1.09194,70.62693,7.93586,2.64595,33.68925,85.64417,72.44294,7.06665,67.07692,100.0,27.93747,45.97701,73.66504,24.44489,0.51433,37.18309,3.79612,13.89163,8.00966,6.00906,5.63537,19.35346,2.8338,5.97214,41.71122,99.45288,5.86415,7.8217,51.02916,4.98891,1.34529,0.77907,5.53167,11.21951,1.41468,14.94785,26.98023,100.0,1.3183,6.90003,15.93006,57.14111,0.17755,56.03554,3.98621,7.07743,72.56524,4.26287,2.32128,9.26151,6.5681,14.37572,34.6106,4.75683,9.85388,42.84867,11.47805,54.69308
2019-07-22,4.46514,24.9747,13.84615,35.19596,85.27771,16.28396,0.49756,1.84133,42.02898,38.39427,52.9052,4.83703,0.59441,5.21085,56.93641,55.96998,11.78707,64.15094,47.62684,34.15016,8.06165,36.63467,56.55836,9.11009,0.36432,13.62693,0.47128,4.26931,16.10048,34.19243,0.31683,38.29494,8.4009,5.81611,87.04503,2.36712,0.94807,21.76724,40.13094,30.31023,38.31754,12.97695,64.84195,3.46183,13.4973,90.42427,84.71502,21.9981,20.7394,4.84088,35.52556,3.5874,15.29144,60.39024,19.02915,11.10405,66.16161,2.85809,63.92883,9.89965,100.0,27.20538,9.31347,9.76173,2.05408,30.6213,15.88983,5.34999,100.0,38.60182,5.08328,50.78758,28.465,0.41388,18.03561,12.93471,17.50727,14.33893,2.50687,3.34387,24.93195,1.02232,19.06896,11.6195,41.44531,1.97647,2.99184,6.67639,100.0,2.51728,54.04611,5.99266,3.24236,7.51512,13.85135,6.79103,14.94138,63.11907,61.48325,11.14285,12.81426,100.0,2.3095,57.71015,11.67763,50.27074,17.75297,2.55689,2.03373,43.94463,0.20837,13.44165,53.82513,8.51063,8.44747,1.21653,4.93241,5.8983,31.14372,58.63636,100.0,17.17352,26.27744,57.79661,30.99646,25.8249,3.47745,15.61173,87.5,80.34303,10.81033,77.19457,17.18146,13.54644,3.00686,21.23586,17.8144,24.94333,36.65317,12.36559,73.03324,6.68898,2.54588,3.2103,82.60135,1.29342,1.86234,2.0423,1.78457,51.76136,23.63192,15.54806,25.159,5.85029,12.73287,1.33463,28.42799,15.02491,1.44776,16.54613,16.84011,9.18309,25.13135,44.17325,2.65981,3.0816,26.76882,20.34348,3.32651,8.11242,30.25445,93.54838,0.95876,0.76846,57.02993,0.15825,15.61109,0.27078,,14.68096,9.94189,77.43144,66.14834,81.87372,36.87148,7.98133,4.09538,67.93893,100.0,38.18928,34.96977,37.53824,100.0,100.0,32.35806,36.29893,76.11438,51.6442,14.10863,5.75962,0.95857,9.17568,43.64195,41.33421,57.05037,74.51787,52.78743,0.18307,12.91701,52.25142,2.64205,2.29744,37.36458,48.52405,4.01374,32.74336,55.75125,11.37391,17.50727,1.70094,3.8687,81.03165,0.45347,35.35564,31.25631,16.35546,26.2868,0.25564,1.77194,5.24509,31.60604,40.67933,39.93386,2.13783,27.38516,70.23433,34.91062,3.20135,1.2251,20.40565,18.07817,15.4979,97.9827,15.27446,41.48113,3.87015,78.75243,47.52126,16.13505,81.26984,16.87847,6.83776,3.12056,14.22197,10.73876,10.90369,0.5102,3.2863,13.63216,9.84902,11.42498,3.32006,33.65845,25.26083,20.78266,22.13278,79.03281,1.69464,22.01859,3.37033,2.58843,0.89805,72.91021,8.28632,1.28024,45.7289,81.22699,51.22569,5.04871,71.6923,64.33358,19.69384,43.67816,72.45145,21.80751,2.10419,20.88028,3.12065,14.18089,8.08076,8.69239,7.74098,19.97022,2.93492,5.54352,45.9893,88.1155,6.21069,1.88626,48.26136,1.83103,2.01793,0.75367,6.93922,13.41463,1.7078,10.77636,29.76482,4.3223,4.05897,7.69695,14.24195,64.35546,1.48902,53.49739,3.42736,4.36097,75.49331,4.23828,2.26404,9.56558,17.70124,17.48112,41.28045,29.4442,11.24374,36.22784,9.63848,62.54387
2019-07-29,15.47991,18.67321,23.6923,36.7946,80.38849,12.30321,0.46797,2.29084,100.0,31.12745,62.03797,4.88839,0.63742,4.30732,89.55408,46.59411,14.85914,76.41509,44.68085,39.12634,8.01652,33.43543,34.89771,14.59387,0.40778,8.17991,0.40765,4.76547,25.97847,37.69023,0.44922,37.60742,6.08062,5.45334,76.65021,2.31894,0.97482,22.09051,28.08811,26.45544,34.01895,12.84362,41.01266,3.00623,,74.283,63.81692,25.93745,22.27231,100.0,31.46517,3.38283,16.71586,40.9756,15.30707,13.74352,52.0202,15.81618,90.87166,9.7371,34.35374,22.28956,3.1125,11.05499,2.53527,31.21301,16.91888,5.29,70.14545,81.30699,4.71402,42.46423,29.69113,0.22993,20.088,13.94142,16.87681,13.95879,2.68486,2.42609,22.65872,1.1963,18.03209,10.77082,36.18836,1.88235,2.57216,4.03441,16.00866,2.25693,40.88261,8.07174,3.34492,4.82435,10.38851,5.2167,13.18678,65.85879,60.76555,32.92857,8.11941,21.97964,1.42109,72.71789,10.36184,47.0393,12.80158,1.82065,2.36318,35.91695,8.75891,13.73707,100.0,8.92434,6.87518,3.55903,10.92891,6.29236,43.75067,66.36363,34.36298,17.45311,24.31598,63.8983,30.99151,30.51767,2.71579,12.22747,80.13059,85.65663,14.56342,75.37419,20.94594,13.11639,2.81006,31.44504,100.0,18.88621,69.39271,16.23655,83.50977,4.4492,100.0,3.31563,74.1554,1.32313,2.77642,1.53172,24.68488,54.14772,21.05217,17.10453,21.59443,5.41424,19.44641,1.88236,14.36193,85.24843,1.48484,13.37383,16.93472,28.98298,29.96771,100.0,12.15641,3.41224,27.10934,16.48415,3.155,94.8578,32.21374,100.0,0.84618,0.61186,60.74069,0.14208,15.16603,0.2236,,48.60606,9.43724,18.92119,68.68294,74.54175,36.58832,9.51896,56.34396,72.1374,68.58237,57.90506,12.43047,59.36656,60.27913,65.44417,62.41727,54.75343,85.11354,76.68463,5.79364,6.64716,1.0625,9.7421,46.06223,50.28406,56.84806,79.84848,49.70518,0.93395,11.47387,51.04344,2.02891,2.35138,29.12152,43.95471,1.95193,42.92035,46.94464,11.32173,16.87681,1.70543,91.68378,100.0,0.17722,25.94142,28.84254,14.3845,18.04164,15.93432,1.59417,31.66109,13.67756,28.27688,22.33977,4.52756,25.88403,84.70247,36.2776,3.06615,1.30878,25.15365,24.85342,17.6175,94.23631,11.99284,50.52108,3.27956,90.25341,44.14175,19.31034,75.60439,12.4305,7.36394,3.72334,14.80804,11.58288,6.661,0.61224,4.47066,11.94886,10.73568,12.78125,2.8327,76.95903,22.38162,28.38887,23.46292,72.17002,1.40102,62.31244,3.54265,2.857,0.83682,69.31114,16.54144,0.82272,35.88235,75.03067,27.64158,5.84384,72.71794,69.05559,27.31872,41.95402,54.00485,25.07034,3.90205,24.64788,12.19202,13.43304,8.37697,6.10984,6.91869,17.64142,2.38524,6.41317,51.60427,93.82978,7.21693,1.46486,41.95497,0.80014,5.38116,0.78579,8.5903,33.41463,2.15824,7.87949,29.8081,4.20098,3.33044,6.89264,14.93334,68.05419,2.82239,44.01563,51.63501,16.18664,65.37237,3.48613,100.0,17.7772,9.20185,16.95267,38.27998,10.8901,14.72808,33.42421,76.3927,54.27206
2019-08-05,3.16962,13.07992,20.61538,50.87299,51.29977,14.5192,0.44635,2.73706,36.23188,26.24536,100.0,5.32407,0.70788,6.8039,57.01899,33.29733,12.56481,49.0566,32.81505,27.80413,13.65561,34.64706,24.06738,8.88436,0.59654,6.50157,0.40168,5.70587,34.84839,37.40181,0.32956,34.10106,5.20439,5.42032,81.27698,5.10647,3.756,23.38362,23.9631,28.42772,35.77536,11.00353,42.74657,3.92986,,78.26499,65.63039,22.11994,20.60414,18.91319,28.69724,3.94987,20.25877,39.70731,17.96164,10.82455,55.80808,2.39119,20.47697,9.71113,13.06122,23.50168,2.34196,23.05081,2.51569,21.4497,36.7736,8.62177,64.8738,36.93009,4.86365,44.33804,31.73987,0.59783,16.2755,13.57535,16.90914,12.79555,2.70021,2.55947,21.19473,1.13294,33.37035,12.1816,38.55329,1.08235,2.65461,4.02007,12.49855,2.05516,50.31014,5.53064,4.15132,6.17274,13.00675,5.16878,12.51517,78.60906,48.56459,65.85714,7.54624,25.00939,1.49083,61.99071,5.5921,48.36681,13.5938,2.29657,2.3696,32.52595,0.35829,10.93057,71.31147,15.72104,7.97927,2.94867,5.69478,5.31214,26.03162,66.5909,35.44763,18.3677,30.10814,53.05084,29.63522,26.3675,3.20916,12.23374,86.70708,81.87321,7.6619,84.19296,14.86486,13.01605,2.97787,40.62122,24.10545,19.99511,64.53441,14.19354,96.92907,7.17189,6.40613,4.93724,70.94594,1.971,2.87595,1.23997,2.58517,49.0909,27.11477,21.78744,20.42597,19.76744,14.82434,2.01026,39.41383,15.97803,5.20155,12.26496,19.2999,100.0,26.62847,33.55104,26.48384,2.86999,23.63034,13.11849,3.41098,13.29594,40.45801,38.70967,0.80299,0.4419,61.96915,0.11551,17.73365,0.89991,,28.755,12.30499,4.16362,68.60519,63.13645,38.78079,7.48474,50.88128,77.86259,59.33223,74.76992,9.50423,47.12974,11.92003,67.85656,27.51654,32.94356,85.95458,82.88409,3.32358,7.6372,0.99552,10.38243,43.7572,41.597,47.70382,82.52244,53.295,0.31242,12.65647,46.61973,10.89979,3.16129,24.38447,38.90012,100.0,37.46312,48.023,9.89565,16.90914,2.05507,28.45108,59.41593,0.15753,31.17154,20.52391,14.93775,21.00191,0.32765,1.73753,6.74151,17.57413,100.0,28.07467,2.64227,26.92531,58.78093,48.26498,2.48672,1.65893,100.0,22.32491,41.94666,87.0317,12.94749,58.06095,4.18262,74.46393,42.86705,45.47413,67.35042,10.24622,100.0,4.35325,9.95122,9.90099,5.68519,0.5102,4.05775,100.0,39.2044,13.27816,2.44578,40.63553,48.22431,86.84047,26.75115,77.97018,1.65693,100.0,5.10333,2.31135,0.78579,72.15557,18.21215,1.14077,56.52813,83.19018,21.97802,7.57769,63.6923,45.65118,22.20431,43.10344,56.37135,23.09739,4.9454,18.66197,21.01892,14.22322,10.39598,5.91729,6.6756,15.78051,2.91605,10.42893,43.04812,80.18237,15.15388,2.35224,46.16799,0.57134,1.12107,0.80038,5.93639,12.68292,4.39004,6.95249,27.4323,3.41633,4.33651,5.48849,18.43597,64.61181,3.11746,56.99106,3.49287,6.69243,61.74411,3.40996,3.96852,10.82141,10.31124,27.33449,34.6966,16.03595,14.90131,48.37294,11.15171,89.66022
2019-08-12,10.05267,10.11706,13.84615,52.33534,41.38992,12.20294,0.89071,2.41154,33.33333,22.35691,74.27772,3.64473,0.55882,6.32103,52.97274,26.19205,11.44141,100.0,30.76923,26.89091,6.45424,33.31971,16.60649,6.03616,0.39351,40.79311,0.7252,5.45202,29.11049,71.96244,0.30664,100.0,5.24224,4.63345,81.30783,2.42394,2.42429,23.38362,33.91924,27.46666,35.17448,10.50462,41.62667,3.23097,,74.16449,76.33851,39.06863,20.69431,21.2024,26.78714,4.37003,17.29462,24.78048,19.05758,8.71419,66.03535,2.04,7.30754,7.342,6.89342,28.35016,8.03618,21.93828,2.43338,20.85798,41.94915,10.30082,50.39643,32.67477,3.82755,36.17855,31.01039,0.3679,13.21082,14.52104,16.37568,12.27856,2.59026,2.20896,28.2204,1.21748,10.30405,13.44689,59.00547,2.68235,2.65979,3.09289,10.82343,2.17069,78.93839,5.6937,4.59555,5.08837,12.75337,5.47984,13.79395,77.02845,57.41626,52.21428,9.3451,18.22364,2.30969,60.95925,10.36184,52.12227,16.18653,2.81561,2.09033,31.97231,0.38446,12.11225,62.02185,13.29787,6.29873,100.0,5.37708,4.60909,29.58951,86.36363,28.62173,15.84072,27.13394,39.49152,29.12986,30.85496,2.42076,12.63822,82.27611,100.0,7.6763,85.86165,12.54826,12.72935,2.53546,37.39673,25.27076,21.09704,58.59649,16.66666,100.0,10.73439,3.31987,83.06525,67.22972,1.89542,2.75486,1.38584,1.85824,48.69318,21.4397,25.50039,20.08578,8.46656,15.24574,2.81096,9.38364,12.3486,1.59885,11.14646,19.20529,11.28313,24.73992,30.62908,19.85653,3.25353,26.64207,12.65698,4.06352,43.63608,36.79389,7.37327,0.81906,0.3764,62.60817,0.08201,19.61656,0.8585,,18.55752,47.05461,2.79743,92.3651,78.20773,36.84721,7.51465,57.80844,80.15267,66.22879,100.0,11.07617,53.80601,3.20633,58.4515,23.58063,41.8912,77.96467,65.57951,2.43689,7.69785,0.93037,7.23707,51.05647,34.66563,44.26461,78.05835,48.17967,0.39069,12.99029,40.76727,14.376,2.4151,19.00728,43.38859,7.96786,36.20943,54.34938,8.52173,16.37568,1.76507,27.62212,39.19213,0.16208,36.61087,19.16037,9.92392,19.65748,0.26783,2.41419,11.58531,12.56816,24.90961,31.64788,2.15015,31.175,61.67719,49.3165,2.72815,1.26113,41.84081,19.67833,31.10904,95.10086,18.73508,77.16721,13.7686,99.80506,59.69263,27.44252,74.09035,11.8745,8.21705,3.16643,11.11191,9.53922,4.15782,0.61224,3.60802,14.80749,9.46561,13.26452,2.18375,63.57444,45.94703,36.64591,21.08523,78.10301,1.86829,73.10878,4.90546,2.26594,0.86743,69.85294,16.01814,0.69006,48.73401,66.99386,13.60946,5.49645,61.23076,29.59634,17.57653,47.70114,50.78883,24.49574,74.33025,18.83802,4.00217,16.87597,9.38173,4.43205,6.10393,17.21607,3.18389,6.888,44.38502,81.58054,10.76828,1.94044,41.8849,0.50393,1.34529,0.83791,5.6033,16.34146,22.2241,5.79374,26.63396,3.3281,3.71205,6.19303,33.82731,78.93066,100.0,47.58094,3.03584,4.32585,69.25525,3.04599,2.61961,10.7451,9.49876,20.66927,41.29001,13.22716,19.85289,62.82378,9.55451,73.39982
2019-08-19,3.80344,6.34484,19.07692,100.0,38.79902,10.5585,0.38186,2.2147,46.37681,25.96051,60.72834,3.31778,0.51497,4.48866,47.64657,30.78307,10.57293,90.56603,19.0671,22.42595,5.40573,33.38778,,100.0,0.39315,5.6362,0.43172,23.81007,22.8659,40.52528,0.23527,31.11034,5.95032,4.24615,77.11289,2.31516,1.87773,31.46551,36.28007,30.78019,42.5699,8.97932,36.40333,3.0881,,72.69495,68.56649,100.0,15.59963,13.9629,39.7232,3.78044,13.73068,30.53658,19.50475,9.48315,100.0,1.97776,7.19969,7.04707,5.14739,20.3367,2.86388,25.71967,1.94995,20.26627,40.0121,6.59344,45.36687,33.58662,4.34183,46.31316,29.8929,0.55185,11.38004,41.76327,16.71516,17.10636,2.89915,1.87356,30.6187,0.91316,7.60062,13.44653,100.0,1.27058,1.87494,2.82859,8.57454,2.44894,100.0,5.01426,4.35859,100.0,23.81756,21.97997,11.19179,59.85247,57.41626,47.92857,7.561,18.36498,1.83263,64.25992,12.66447,51.1965,18.31112,2.42753,2.66207,35.43252,0.26894,12.7031,56.8306,11.40661,15.73252,8.82094,17.49125,8.72917,25.75002,64.31818,29.64246,18.84751,25.13859,28.64406,32.44441,22.59862,2.61319,9.95317,80.55037,74.52497,7.07165,90.33171,10.90733,11.72591,3.56979,23.81484,26.52642,16.22554,48.39406,16.34408,90.93845,17.60642,1.74353,6.34819,62.58445,1.68287,2.55837,2.47994,1.38185,61.98863,20.1318,18.64595,18.76941,10.86482,12.89034,2.97889,9.41863,16.32154,1.20381,11.13682,22.51655,9.54022,20.54609,34.41045,18.29492,2.98902,20.32727,10.52149,3.52963,11.607,33.23155,4.60829,0.79547,0.31438,55.71237,0.09067,18.076,0.97222,,17.19164,18.50571,3.00928,83.43958,62.11812,38.40459,6.44968,44.84836,59.1603,58.12807,87.15304,9.6977,41.96508,2.71595,63.47188,17.45036,38.17996,79.31034,59.29919,2.90436,6.22443,1.18262,6.04132,46.25432,29.40234,48.47258,80.01625,39.23368,0.33365,15.96002,34.36497,100.0,2.37186,13.68918,42.25636,9.54392,32.74336,100.0,9.1826,16.71516,1.80362,22.77071,25.32751,0.19418,28.24267,21.5824,8.99031,25.71567,0.29881,13.52467,11.81774,23.00279,18.95323,26.41404,4.5615,23.71689,64.78409,34.70031,2.60743,1.07044,18.74615,20.03257,22.39066,89.91354,13.39498,47.42618,5.80193,95.32163,57.79856,18.8362,72.86935,9.29308,7.88904,22.85297,9.81193,8.40314,5.34577,0.5102,3.4279,11.62793,16.19937,12.09402,24.92427,35.35526,44.16131,21.76381,18.35359,100.0,1.76375,68.28696,3.38936,2.61894,0.58169,78.19272,11.55332,0.59896,41.32992,61.41104,,11.9378,57.1282,23.80807,36.85787,49.42528,51.03155,22.22617,6.1324,13.90845,2.71567,13.50359,13.39605,3.59034,5.23051,18.32199,21.59185,6.11316,36.63101,74.01215,22.71093,2.38091,38.99448,3.22581,1.34529,0.78833,5.14308,13.65853,6.14085,3.24449,24.39282,2.81536,2.6366,5.69295,100.0,67.60253,9.49727,39.11146,3.08213,2.81699,96.18077,2.59582,2.52366,10.80693,8.20855,100.0,30.35833,10.39378,61.41645,37.72153,8.55718,46.4322
2019-08-26,13.26159,4.87064,17.23076,58.019,32.19065,10.35796,100.0,2.00253,82.60869,25.50344,50.92466,3.01247,0.53397,3.70137,48.76135,28.69247,9.77791,63.20754,15.54828,21.03284,43.48864,35.88591,,19.85732,0.43452,3.7571,0.41829,16.27531,24.36476,34.24153,0.22738,22.24132,100.0,3.78809,86.18136,2.30666,100.0,31.25,29.97484,25.65016,46.10584,8.77245,30.38007,2.49627,,93.31595,58.37651,45.18749,15.46438,11.5001,36.30332,3.10796,12.36428,21.65853,17.25082,8.85456,87.37373,1.95617,5.42532,8.04852,3.90022,19.52861,2.01083,17.83358,2.55505,14.94082,42.13075,5.327,32.26541,41.64133,12.76562,81.8398,46.34487,0.11496,9.62951,100.0,15.55124,30.48734,2.93396,2.20043,28.43375,0.8516,5.42624,13.37414,68.91601,0.98823,1.52554,2.17999,8.47596,6.93352,76.67029,4.1174,97.87872,9.24582,22.80405,12.45354,11.15957,81.13804,56.45933,100.0,7.75078,15.70511,24.49332,63.38318,12.33552,61.0655,18.72524,3.4209,2.1326,31.62629,0.24845,18.83308,71.31147,10.9929,6.27378,27.59855,19.4654,6.71441,24.8944,64.31818,23.915,15.60023,21.68249,23.22033,32.55093,21.29344,2.53282,100.0,78.21828,74.05414,6.49056,83.97046,9.36293,10.6508,5.49199,19.77842,24.24677,14.16814,42.29419,14.08602,85.2016,11.70388,2.95191,4.15496,67.65202,1.79839,83.49494,0.51057,1.31697,60.22727,17.65118,16.48796,18.25173,13.22674,41.15729,2.8273,7.75781,12.6905,1.23521,10.2208,30.46357,9.76615,19.50581,34.96046,32.04786,3.01547,18.31441,9.83163,2.82486,10.0996,33.46055,2.30414,0.85119,0.31983,57.79987,0.09241,16.67237,2.00202,,13.23804,32.81049,4.76995,62.27647,80.24439,37.29218,8.11894,57.90565,72.51908,64.53201,57.25123,11.14873,92.13604,1.84835,28.28035,16.61442,63.70106,82.00168,52.72237,2.10815,6.03063,37.93602,6.86092,49.59661,34.62934,53.3077,77.36478,44.23666,26.11703,17.15483,30.36614,7.40166,2.59935,12.05436,39.99191,2.8202,34.07079,87.88641,16.86956,15.55124,1.40098,39.51211,20.22379,0.23163,33.05439,65.76575,7.60719,29.04646,1.28606,10.43954,100.0,100.0,17.91633,21.77716,5.64489,20.09091,69.77356,34.38485,2.34186,1.24453,17.19422,18.97394,22.60051,78.09798,14.34964,58.58992,2.95155,64.91228,45.03867,15.21551,74.48107,10.20651,26.5584,4.56681,8.75495,8.80934,4.36996,4.28571,3.59896,15.1773,29.73879,13.09628,2.06175,28.56329,74.28772,22.90299,15.40218,85.63486,1.29117,54.07939,3.45078,4.51912,0.52046,78.79256,10.52833,0.7438,37.48081,68.09815,,10.43554,64.20512,21.72886,30.17402,41.95402,60.31553,22.44143,3.91844,14.57746,2.75402,60.35699,12.51451,5.52824,4.92455,30.26371,5.24937,7.50518,41.9786,68.63221,19.73842,24.98788,41.97249,63.79458,2.24215,0.74662,6.60792,15.60975,4.42852,5.79374,29.82253,16.03549,2.4111,8.13051,49.69125,70.4956,2.64429,38.98306,2.72585,3.09263,75.87523,2.00519,2.39304,58.42088,6.2657,23.20121,27.40563,7.89203,20.71654,39.18558,7.54683,100.0
2019-09-02,3.39168,3.91675,18.76923,63.81685,100.0,39.17577,5.63083,2.49425,15.94202,22.44303,53.01166,2.57479,0.86779,100.0,47.35755,24.35897,9.25077,66.03773,15.38461,20.31121,11.54426,35.40943,,8.47374,0.32168,4.36324,0.30243,12.44447,22.64591,29.95213,0.24441,23.37573,7.91636,3.38239,78.68599,2.34161,15.70837,24.78448,31.18106,32.80528,40.8366,9.25655,31.05893,12.43314,,75.72884,57.42659,25.85623,14.38232,21.5592,79.62941,3.64301,12.87632,19.21951,14.75651,8.69894,65.78282,1.78209,5.33295,9.18966,4.7619,19.52861,2.49605,22.86405,2.12799,15.97633,40.34503,5.72168,22.7026,35.25835,6.12609,40.82475,97.79605,0.39089,9.22277,75.65588,15.32492,69.48224,2.87957,2.17561,21.82741,1.03156,4.09829,13.80037,99.32034,1.83529,1.68729,2.35457,9.49737,2.55308,75.42497,3.85922,9.71845,40.09755,22.38175,5.47261,11.78409,70.91675,49.04306,93.42857,11.33635,18.06125,6.7288,54.5642,10.19736,66.70742,14.296,5.53062,2.38281,32.45674,0.3447,16.46971,59.01639,14.06619,5.69366,8.99374,5.36742,22.5828,26.42153,55.22727,19.96632,21.47282,22.37992,36.61016,26.62785,21.27877,2.30801,26.13976,96.82835,74.00369,5.06445,91.50485,11.96911,10.89449,12.86956,53.0416,26.50905,14.883,100.0,11.82795,71.9515,23.68832,1.2957,3.68757,67.06081,2.49873,41.09258,1.02115,1.15538,63.80681,18.59108,15.24429,17.94852,8.24854,29.2783,2.66874,5.91977,10.81248,1.02494,11.42609,53.35856,7.57657,17.04543,50.29219,45.98489,3.21386,16.22966,10.84953,2.79198,11.46599,35.47073,2.30414,0.68597,0.30553,49.79779,0.1184,100.0,100.0,,10.84602,13.80498,2.54238,56.0566,85.53971,33.86189,9.83606,77.47537,77.86259,59.77011,38.58651,11.94679,73.02501,1.13164,23.52078,25.60083,38.38332,83.34735,71.05121,1.514,5.45325,4.8166,6.55302,49.7887,19.52397,41.41209,73.05463,43.55856,100.0,17.56396,43.40817,5.09188,3.06686,9.64152,100.0,15.20473,29.42477,69.44644,100.0,15.32492,1.73575,34.27324,18.50436,0.14296,33.89121,34.47819,6.639,25.51271,1.19421,5.12085,49.07848,20.1872,16.98965,22.79358,11.18863,20.52962,57.50394,33.96424,4.50024,0.98393,14.38229,17.60586,27.29715,77.52161,14.3198,52.70014,3.12238,70.76023,42.45586,15.33045,75.26251,19.06274,5.54933,7.21534,28.52413,71.541,4.62452,18.77551,3.39108,17.70013,55.04433,16.93969,5.20863,33.13636,90.26886,22.50197,15.63053,68.80011,1.40254,76.9889,3.04417,2.2851,0.45923,86.22291,15.91012,0.6911,43.08823,59.32515,,7.37389,68.51282,24.39451,22.4718,28.16091,100.0,22.96518,6.98221,15.42253,100.0,23.48666,13.96004,3.62863,4.43,100.0,2.66401,10.45402,43.3155,72.91793,43.89968,33.05942,35.84128,0.9381,2.24215,0.74736,5.59614,8.29268,3.03647,5.56199,37.75789,35.1274,1.75195,10.40917,29.04596,63.58642,5.41431,36.53982,81.74062,2.87184,70.46467,1.91899,2.17454,14.16255,5.43909,33.32462,24.66316,8.05151,15.77784,39.33969,7.50921,54.28627
2019-09-09,7.89317,4.23471,17.53846,50.92087,58.80205,16.25388,15.30189,2.14825,43.47826,20.80683,51.40742,2.45572,0.64617,3.6157,50.04128,19.49382,10.04147,55.66037,14.07528,47.80288,7.15089,40.39888,,11.20253,3.48947,4.28161,0.29571,9.62326,78.73853,31.9158,0.25045,22.24132,5.75149,3.32201,66.10117,2.14713,6.35666,20.15086,34.73843,28.4066,39.12641,9.62637,27.91109,30.96097,,68.31002,41.36442,22.24177,14.78809,17.51856,32.5975,3.85965,12.66236,14.04878,17.56617,22.67803,42.04545,1.7185,5.38781,7.85488,4.58049,16.83501,1.74692,23.23155,2.00131,20.26627,38.83171,6.08777,28.29705,20.97264,3.67959,35.11434,100.0,0.91975,8.65689,78.43197,12.62528,78.34714,2.53904,2.4734,19.72338,0.88492,3.78412,8.68122,51.95228,0.65882,100.0,2.31575,9.53823,2.20486,73.2421,3.60103,4.93722,19.64974,16.80743,4.65063,10.45079,58.9041,61.96172,74.42857,11.25685,17.3696,3.24689,48.22073,10.52631,54.20087,15.50234,2.3333,3.05304,23.94463,0.32411,16.39586,37.15846,14.3617,5.6632,7.63785,6.64628,16.12469,40.82096,46.36363,24.81088,18.71601,25.17247,22.88135,27.54319,19.31368,1.94961,15.92215,68.23694,73.54968,7.09913,100.0,9.45945,10.62213,23.55301,32.75072,22.84516,12.82909,89.14979,17.52688,67.21693,10.03256,1.21957,4.43912,71.70608,2.3852,22.99483,0.36469,1.21817,76.53409,17.81002,14.76607,18.54755,7.15843,39.83543,3.03447,10.59758,9.54489,0.88543,9.82547,100.0,10.47831,18.10575,38.08869,100.0,2.22192,17.60499,12.14401,2.80616,11.59079,73.15521,2.30414,2.75995,0.66174,57.86468,0.09356,63.50564,16.55251,,9.97127,11.45825,2.5297,69.19608,77.8004,34.50507,7.26935,100.0,93.12977,56.37657,30.4853,6.74727,66.67266,0.49038,26.42216,25.67049,35.28215,77.29184,60.75471,0.8897,5.29369,1.99665,9.33796,45.48597,19.64535,54.15739,68.55077,88.69175,30.4346,12.11504,92.22726,4.43906,2.77198,10.43923,37.60614,7.16161,29.49852,55.17613,40.29565,12.62528,2.06828,28.17556,30.73144,0.15024,29.4979,43.79881,6.46611,30.79918,0.57797,5.36743,25.42115,16.07047,14.55906,24.41126,23.63802,19.34034,60.97946,35.64668,5.13761,1.11643,13.87523,15.96905,24.05906,84.72622,9.4272,63.37438,2.74731,44.24951,50.18632,13.01724,69.01098,21.52501,7.09852,100.0,18.08934,39.38182,9.71574,21.93877,4.84109,11.13059,26.24011,100.0,2.1786,51.88903,100.0,25.31917,16.87789,70.24155,1.79539,93.94732,2.4761,2.8201,0.22451,65.75077,14.74111,0.53761,39.82097,58.46625,,7.97912,54.35897,21.71363,24.13793,48.85057,94.72087,21.58039,5.90984,12.8169,2.82896,16.76308,14.38422,3.54868,5.11567,27.92428,1.8898,12.11409,48.6631,86.26139,15.20265,3.12825,42.88341,0.81252,4.26008,0.73695,5.93997,17.80487,2.6098,6.14136,26.9658,22.06056,1.45706,5.99842,24.36477,100.0,9.69872,36.61053,10.15123,2.85142,75.17504,1.81808,2.06488,8.89032,6.31335,23.08072,27.89297,8.2706,11.71003,35.75958,6.75573,46.4836
2019-09-16,2.95398,2.74606,7.38461,80.50685,21.19329,11.82191,3.78471,1.9686,47.82608,18.30286,41.5666,2.29971,0.62131,2.60542,46.07762,20.75372,9.08226,63.20754,10.31096,26.50682,8.1826,40.19467,,5.98146,0.84231,3.77585,0.26381,10.80597,18.61007,26.87162,0.23497,21.55379,5.4088,3.68714,74.49105,2.74569,9.1736,28.66379,23.73411,25.15643,35.01271,10.1475,26.94685,2.39882,,74.94666,36.96027,23.33829,14.42741,8.36381,41.04998,100.0,12.08578,23.41463,100.0,11.16935,64.89898,2.0852,5.7892,7.42336,2.99319,16.96969,2.26501,100.0,2.43433,17.60355,42.58474,25.2604,24.85121,27.35562,3.27973,36.47015,94.97128,0.75879,9.14115,69.12751,15.84222,69.52786,2.54232,5.64589,20.64297,1.00712,6.06637,7.25901,48.87301,1.64705,3.11844,3.48874,10.27542,2.11048,63.59676,3.91357,3.70332,7.45855,17.9054,8.38254,14.37882,55.32139,68.42105,66.42857,23.81136,61.50179,5.00384,78.2362,10.85526,62.96943,11.21714,2.23109,2.47904,21.66089,0.33491,15.14032,56.55737,13.71158,5.79934,6.35024,4.28853,18.45339,32.6167,56.13636,14.34512,15.61207,28.17397,20.16949,43.14609,23.83047,1.91065,21.58385,96.59514,68.28653,6.41814,96.29854,9.45945,9.66169,18.3585,18.59213,20.24464,13.41493,58.48852,14.62365,72.72307,74.77096,1.33899,3.83349,68.83445,8.48567,13.75801,35.37563,1.72763,58.57954,18.64929,47.64275,46.84957,5.70494,32.79808,3.50372,10.62466,9.1538,0.8548,8.4177,40.11352,12.23788,100.0,45.06703,28.21684,1.75902,18.0628,9.9844,100.0,8.77697,64.63104,2.30414,1.11601,1.27387,63.29921,0.09529,8.14789,4.71716,,8.38632,14.8173,2.8258,51.25174,81.26272,34.59002,9.63862,96.48133,87.40458,56.81444,18.82756,6.74727,52.11445,1.20709,22.93398,62.27795,28.41891,86.291,52.34501,0.98923,5.47026,1.49322,6.06334,100.0,21.13574,47.15759,71.93904,56.42942,2.98959,12.30841,53.92593,2.86211,3.50816,11.50285,29.76142,4.89688,32.52212,52.44428,20.81739,15.84222,1.43703,100.0,63.12772,0.19497,19.03765,32.40761,5.87828,18.91957,0.50926,3.86501,33.63203,14.37921,13.43304,21.83728,6.68503,21.21148,51.55344,29.12723,6.17093,1.03216,12.69207,17.67915,100.0,87.60806,11.30668,80.86215,2.60567,58.67446,87.68985,12.57183,82.02686,14.6942,6.31695,8.47922,6.42873,76.77075,8.95205,57.14285,3.08296,10.27406,41.07356,64.42917,2.09491,35.32678,56.82182,51.20274,29.79962,60.71235,2.12672,35.7221,2.61037,3.86385,0.43882,100.0,14.34023,81.87477,84.11125,55.39877,,100.0,57.74358,23.24447,21.98517,43.67816,73.24029,31.15359,15.28548,12.11267,11.09947,24.81303,16.05488,4.92525,6.33612,29.849,2.93954,9.81017,100.0,65.10638,15.48373,1.89501,63.85215,0.87493,4.70852,3.5998,5.62838,18.53658,2.5385,6.48899,28.6202,3.09694,1.75195,5.9356,51.53203,70.98388,10.42298,37.81168,4.68832,2.20929,73.77466,1.40032,4.03786,28.41888,11.69695,26.08159,22.15957,5.22185,9.99871,35.30318,6.50628,52.17567
2019-09-23,9.77897,3.52652,12.0,57.83114,16.21862,11.44089,2.52587,2.16044,20.28985,21.48251,57.21783,3.50932,0.60623,3.56589,43.6829,19.72919,9.0909,45.28301,12.76595,21.59778,8.62569,36.94098,,5.18408,0.37174,3.38867,0.73453,17.50995,18.82697,26.73662,1.22137,24.81952,5.72877,3.45032,69.89512,2.74785,6.02652,26.2931,33.51286,35.69636,34.71227,8.89044,28.61157,2.24717,,71.29651,32.64248,29.13225,14.15689,4.91291,53.84879,16.10216,16.59184,27.80487,40.67411,9.21585,44.82323,3.15058,4.40684,9.05161,3.51473,19.93265,1.33122,21.15309,2.44849,14.34911,33.86803,10.17581,23.12425,30.85106,2.76587,32.85203,78.31755,0.11496,8.49593,69.64612,21.67798,72.47015,2.51216,12.76133,18.87736,1.52453,2.86135,6.33316,50.37797,0.70588,2.54017,2.21187,12.63267,1.58164,71.50906,3.0303,4.25928,6.36132,21.53716,4.84053,17.71703,77.13382,100.0,38.07142,100.0,27.10692,1.9737,48.68488,11.67763,64.41921,10.58696,5.65838,2.27261,26.02076,0.5561,17.94682,49.18032,100.0,20.78552,5.79144,4.02449,18.34472,28.19235,49.31818,10.43739,14.67734,24.55692,15.59322,35.57688,22.04135,1.64936,11.60036,87.63992,67.12628,8.16664,89.0271,8.78378,10.40711,19.02059,17.82926,20.04077,19.37441,94.43994,15.37634,70.76465,15.62051,1.32257,6.59396,74.5777,100.0,8.74319,100.0,1.8978,54.60227,17.50812,67.67372,38.07868,7.30377,27.18239,5.43671,4.77706,7.91684,0.86567,8.08022,27.71996,20.4933,25.33497,56.58301,9.50612,2.43354,17.45932,8.04669,54.05546,8.10026,45.82697,,1.39769,0.60823,52.99778,0.08316,7.97672,2.00741,,6.42087,13.35613,3.17755,100.0,77.1894,33.40479,13.89254,34.22757,74.80916,55.93869,22.33228,6.1185,100.0,1.28253,52.12713,31.80076,33.29944,89.82338,63.98921,0.79018,7.43624,1.25537,5.53717,64.54091,15.50956,59.74104,84.46131,46.15072,25.8716,100.0,45.52005,1.86282,100.0,9.76954,28.95268,26.93311,56.78466,42.5593,16.50434,21.67798,2.03472,23.16744,83.18777,0.15946,100.0,29.70211,5.91286,19.26414,0.60436,3.22562,21.6232,9.40742,15.2455,21.54667,5.08223,23.04032,53.14639,23.86961,3.36069,1.02855,14.93546,18.0171,46.51552,89.04899,8.50238,50.33159,2.17931,70.17543,64.03073,11.7385,77.75335,17.67275,4.31849,3.62334,8.02959,100.0,5.64276,77.85714,4.94814,7.85857,23.7479,34.84982,30.4915,25.40462,28.68178,38.17927,22.41536,62.23741,100.0,18.55658,2.67724,5.19638,0.82661,89.04798,21.85842,0.97186,43.31202,50.49079,,11.1365,56.10256,21.14242,22.00128,66.66666,64.32038,23.74317,100.0,11.12676,5.26035,16.5867,13.34628,4.4191,4.1886,23.24542,3.48144,11.4367,48.39572,57.35562,30.57345,2.52553,39.00324,11.75274,6.72645,1.4517,7.39944,18.04878,2.03827,3.70799,24.44091,55.33012,1.07545,19.08779,31.95736,69.20166,30.51093,39.05377,7.32281,2.33595,69.38255,1.44759,5.25212,15.87346,6.03409,24.63124,24.43382,7.03053,9.80861,31.48005,6.63925,42.0382
2019-09-30,4.17051,5.63665,19.38461,90.02136,30.96091,100.0,2.00002,1.90497,44.92753,24.08585,44.45324,5.19512,0.52643,3.44438,46.73823,21.92778,8.78413,46.22641,15.38461,21.14385,6.94181,39.26894,,4.75188,0.4807,2.81231,2.28644,17.66572,13.9602,25.14113,0.3782,32.8979,5.76384,2.82573,67.8285,2.68253,3.29669,30.49568,44.2753,41.03498,32.72475,10.06814,28.25701,2.35192,,70.27731,30.48359,17.85569,79.8467,2.41996,23.29863,5.91064,19.22019,17.85365,24.76995,7.43749,51.13636,2.11118,5.38875,8.56487,2.69841,20.80808,2.46851,6.73942,1.85572,13.3136,28.02663,6.30697,32.71531,29.78723,3.7127,37.89379,66.49076,0.7128,8.89263,66.25991,22.3731,80.111,2.60465,9.50276,23.76223,0.98793,7.42668,6.25341,37.54768,1.83529,14.59517,1.39497,9.99298,1.36522,67.38955,3.54667,4.82387,4.39489,14.86486,7.84811,16.27716,75.13171,89.71291,26.07142,5.19851,13.72938,1.77796,47.13769,7.89473,100.0,17.80698,2.60959,2.04127,26.57439,0.47471,23.55982,36.33879,32.50591,7.08323,5.56569,5.88605,11.07653,24.1904,81.81818,13.24569,13.25806,27.38618,11.69491,29.0828,20.66285,1.58174,9.02819,75.93283,83.58836,7.86519,85.57847,7.04633,11.89793,25.16094,14.17528,19.12682,12.83607,59.19028,16.66666,79.73135,8.97659,2.13239,3.66123,77.11148,5.61036,6.44457,32.09336,1.81387,54.03409,16.93284,17.81734,24.93713,7.8125,29.63981,4.20787,5.97577,13.67184,0.89391,7.89702,25.92242,13.74445,21.57793,49.43279,4.63086,2.7245,26.62126,8.00971,33.06789,8.31908,38.0916,,0.85518,0.62081,44.25387,0.08259,6.16227,0.87389,,5.60245,13.96086,2.51147,49.80562,65.37678,35.67412,13.22244,10.97719,77.48091,57.6902,18.95832,5.5139,50.42289,3.13089,11.89894,14.94252,40.16268,81.16063,49.46091,2.64197,100.0,1.01313,8.7338,53.16941,15.16292,91.26036,80.50746,51.34117,9.18968,56.372,40.2091,1.99189,10.50471,10.69529,29.43792,2.62253,100.0,46.26168,17.32173,22.3731,1.32945,5.94633,46.34279,0.16299,46.86192,49.68713,3.76901,48.57965,0.43487,2.83567,13.92413,16.81511,13.63989,22.05059,17.81278,19.53591,58.38599,23.76445,1.9604,1.02279,14.72034,18.97394,32.66627,100.0,9.63603,39.14416,11.72575,64.32748,52.57125,11.7816,65.39682,17.43447,4.04879,5.01921,8.30514,16.57781,3.52142,83.46938,5.27269,7.15826,21.54325,25.23578,7.7967,36.969,20.8768,29.99471,20.31455,50.25335,2.64081,13.22678,2.63266,41.73108,1.04092,73.27786,16.16457,0.82047,35.90153,50.24539,,12.05051,75.58974,19.41355,40.029,55.17241,62.86407,21.6448,6.6868,13.80281,2.70621,17.05234,12.3036,3.44734,3.86588,21.44831,100.0,14.64118,36.36363,61.03343,100.0,31.00846,34.22089,1.32637,3.81165,2.72296,8.94488,22.43902,1.88775,1.50637,43.86091,9.03085,1.02341,9.89308,23.13369,78.833,45.75993,41.24209,3.84113,2.92202,84.53214,1.96052,3.35977,13.6376,5.52774,19.83594,22.67558,11.75681,9.47043,79.42623,7.18188,32.83356
2019-10-07,19.10304,3.85893,23.6923,44.46736,43.54277,32.94896,2.98931,1.78676,26.08695,22.97297,33.40925,2.98391,0.47401,2.79704,43.84805,22.71418,9.12979,38.67924,18.98527,18.12931,7.14404,41.48798,,4.78655,0.41342,2.47917,1.28342,22.76005,15.15337,36.73907,0.30883,32.176,4.97607,2.69648,69.43244,2.93181,2.2326,26.40086,17.31277,36.06072,31.77721,9.8544,23.68227,2.29242,,67.38563,28.75647,17.72031,34.71596,1.59229,18.64348,6.3969,17.81536,27.02439,21.79228,6.52756,62.24747,100.0,3.71988,8.5497,2.3356,23.29966,6.96755,4.89893,1.4185,12.72189,30.7506,6.05693,30.59091,26.59574,4.22866,37.57047,57.02312,0.57484,7.90132,63.60585,18.89751,36.49357,2.3746,7.14878,96.21864,0.74081,8.59957,19.57167,28.85082,1.55294,2.52733,1.14442,9.09591,1.4775,62.19517,3.09824,4.4347,4.09058,10.72635,12.95812,27.36239,67.12328,68.18181,16.0,2.3119,14.02108,1.66441,57.76173,2.30263,69.10043,22.79438,2.77888,2.49904,24.22145,0.24342,100.0,53.55191,18.73522,6.03711,5.67299,3.32222,10.1512,19.66316,49.54545,8.83579,17.47562,20.33939,10.33898,26.27608,22.7306,1.61987,9.29262,88.99253,78.93055,17.331,73.18972,2.89575,10.49311,25.67505,12.10572,20.61416,10.0673,47.15249,13.97849,64.90477,8.41182,5.45226,28.61296,63.42905,5.04269,4.60794,18.08898,1.63365,62.61363,20.24708,15.80221,19.33885,11.88226,22.33632,3.48417,4.75019,15.87562,0.86286,6.67245,23.65184,10.56785,18.32626,62.22069,3.36126,2.39386,21.10858,7.55784,79.12333,7.3109,32.51908,,0.72517,0.4111,58.38224,0.08259,5.64875,0.54169,,5.33707,11.99201,2.72766,39.24739,76.37474,32.99219,19.80375,8.51477,90.45801,51.94307,22.3952,80.41112,39.13982,1.69747,9.45395,11.25043,28.31723,78.72161,45.84905,0.93796,9.35857,0.93957,6.99773,65.84709,17.54429,45.15476,72.42679,62.57763,5.43858,30.74558,33.2528,2.12694,18.13634,8.93244,29.1953,1.29578,50.9587,45.61466,15.46086,18.89751,1.43537,3.16391,34.49781,0.15787,16.52719,23.23952,4.94467,19.79278,0.50957,3.24855,14.62278,21.65722,11.67819,19.53387,4.39712,19.19763,54.17324,23.34384,1.87831,1.06556,11.81622,18.43648,25.88916,80.11527,11.963,51.83167,7.74313,59.84405,49.94988,10.57471,59.21855,17.35504,5.01708,2.83353,7.98859,16.47626,2.71531,82.24489,5.06595,5.8044,35.08267,19.9088,23.4136,24.66894,20.80658,22.65733,14.87697,49.99262,1.92271,11.39809,2.693,36.39669,0.93887,79.87616,12.45349,0.61485,33.4335,44.84662,,15.35456,79.6923,24.98095,23.98968,37.35632,63.47087,19.2498,2.66515,11.19718,1.91305,23.75476,12.96476,2.79424,4.51383,22.91578,7.45492,100.0,32.08556,62.09726,33.09546,7.91616,43.91696,0.85153,12.55605,2.36616,15.748,28.53658,1.88322,0.69524,100.0,6.29337,1.45706,8.78208,18.3115,57.1289,12.10908,37.68422,4.77017,2.62077,68.68236,1.69417,2.3358,12.38752,4.07692,17.55516,20.774,6.93142,8.69391,61.12856,6.57507,23.66173
2019-10-14,24.3366,3.16519,16.61538,41.75261,44.74872,39.89772,1.4754,3.13122,11.5942,20.54186,42.57915,2.88339,1.34301,2.81839,39.43022,44.174,9.53162,50.94339,13.42062,26.39848,93.98776,43.1829,,4.64172,1.3943,2.27014,0.78864,46.0105,12.67736,26.36843,0.28546,25.33516,4.48117,2.93423,70.45033,3.06205,2.30869,30.17241,13.04263,31.89438,48.13958,10.29458,31.60375,4.02533,,70.53804,29.8791,21.64613,32.3715,1.42977,18.09447,3.28841,20.8281,24.68292,18.51478,8.33399,94.06565,2.79568,3.97826,82.09113,2.40362,21.95286,8.30209,4.35271,1.4456,10.65088,27.17917,33.82443,22.54524,26.13981,5.05352,39.99312,50.72171,1.14968,8.17902,60.64673,17.84675,58.8839,2.44285,12.54652,100.0,0.8096,6.83122,100.0,30.6956,2.11764,2.18784,1.05245,8.83567,1.09348,42.8524,3.11183,3.92678,4.34003,16.72297,6.69156,15.61051,80.40042,70.09569,9.42857,2.3102,14.80144,4.4262,49.20061,4.27631,58.96943,46.435,2.60321,44.89001,26.15916,100.0,38.774,48.63387,8.33333,6.16883,4.48014,5.12893,8.88669,100.0,44.54545,8.89112,15.13345,21.56013,8.13559,27.54691,22.29065,1.88555,10.38483,96.78171,71.86816,14.04122,65.84749,4.34362,12.27064,24.20747,8.88478,15.94481,8.37953,51.6869,11.29032,54.47181,7.36046,3.47885,16.35653,65.70945,64.5137,6.88771,11.88913,24.74663,52.10227,28.02538,19.08507,17.29034,6.90406,18.53042,3.25758,5.05924,16.42072,0.96568,6.35425,14.47492,8.89157,19.88668,97.07803,2.7582,2.47321,21.82368,7.81353,35.9669,11.13209,34.93638,,0.52974,0.65286,54.304,0.14034,5.68298,0.40989,,5.81819,10.76558,2.76798,38.9053,62.93279,38.55426,9.78221,6.5254,100.0,54.13245,11.84155,100.0,41.65916,0.86759,7.15566,17.62452,25.31774,82.67451,52.56064,1.88798,38.13969,1.15027,8.22399,70.41874,16.64581,42.36293,83.33881,45.79886,6.25182,20.39528,30.90348,1.63354,5.94362,7.81957,28.99312,0.92166,44.61651,41.55283,14.15652,17.84675,1.52325,6.89232,28.95742,0.15923,11.92468,28.6698,4.18395,16.94895,0.43964,3.40912,46.34377,19.82441,12.82145,17.554,8.16937,23.07732,53.59399,19.13774,1.78657,1.10286,10.97111,100.0,22.81486,73.48703,9.93436,39.0731,3.2212,50.87719,65.58813,9.75574,66.78876,17.83161,7.10818,2.79718,31.62816,10.22467,3.56385,100.0,28.6733,6.63648,25.61706,16.55386,5.40499,19.06355,19.99398,21.89065,14.28326,45.15176,2.05636,8.94029,2.69898,5.71258,1.15317,85.11996,100.0,0.94449,25.87595,44.29447,,8.11036,70.46153,32.57425,20.03867,31.03448,79.49029,100.0,1.5215,12.71126,2.17497,36.94087,12.04293,6.22638,3.84995,34.24074,3.15997,69.89182,27.80748,60.33434,21.45955,11.87947,38.20618,0.70875,12.33183,2.19128,100.0,12.19512,2.9414,2.08574,56.16313,6.1932,47.58022,9.41395,17.22045,46.76513,3.27767,34.31987,100.0,3.71988,69.06429,6.46102,3.03646,10.65685,3.95376,15.0479,20.30578,4.88724,9.35341,55.29014,7.04825,24.75859
2019-10-21,4.82193,3.223,20.0,49.53219,44.9434,36.39827,13.33783,2.71955,7.24637,21.00556,40.49959,2.34454,0.47268,4.57353,43.51775,21.50412,11.17352,37.73584,12.52045,23.38932,14.0281,88.13559,,5.06159,0.31084,2.12453,0.65281,11.78099,11.64145,23.77884,0.39079,24.30388,4.56405,3.14888,67.85934,2.29964,1.91416,36.42241,12.54595,37.02706,66.00415,10.05174,24.73732,2.61378,,68.71296,28.92918,16.55611,24.97745,1.58972,18.88367,2.79323,22.64488,27.02439,34.78856,7.20497,87.62626,2.02296,3.94684,11.19255,2.04081,100.0,4.96765,5.10276,1.61577,7.98816,27.63317,5.69477,21.82702,20.97264,5.48146,42.16822,49.85255,8.99057,10.52552,54.91153,17.00614,76.25636,2.83608,100.0,49.46663,0.84835,17.29066,10.31475,36.16755,2.44705,9.67409,0.93198,7.95281,1.32942,33.35385,3.85922,100.0,5.54012,22.80405,6.30453,15.33047,81.13804,66.26794,6.42857,1.82116,12.50244,1.84406,56.4724,1.80921,54.32314,100.0,4.89818,3.28551,27.54325,7.3644,33.01329,49.72677,11.46572,7.28357,4.13734,7.55537,8.20229,21.50438,58.86363,7.53601,15.99355,19.87632,25.08474,29.32185,51.67913,1.77377,12.43023,100.0,68.77417,11.70989,64.11812,5.4054,13.21674,24.08848,8.03996,11.75271,8.58876,44.2645,16.23655,49.05795,7.84797,2.11671,13.05735,71.53716,3.03703,5.7019,18.38074,10.6419,100.0,100.0,20.76183,27.28886,5.74127,23.01277,100.0,4.76879,74.79639,0.93023,9.56513,16.93472,9.70472,20.13884,77.82743,2.14879,2.15579,20.23079,6.7297,12.66643,100.0,42.87531,,1.50161,100.0,59.19264,0.09125,5.34063,0.39117,,5.1977,9.49668,15.80834,39.91603,67.6171,38.48549,8.4839,6.2662,94.2748,50.73891,10.77693,26.94074,35.19884,0.45265,6.92746,11.94705,23.38586,82.00168,47.81671,0.6062,8.77001,1.00348,13.15322,61.27545,35.46275,48.59397,66.63438,100.0,5.14805,17.08156,35.88953,5.38416,5.57685,6.55899,32.30893,0.98351,44.69026,44.17685,14.62608,17.00614,1.47092,4.84005,21.37008,0.14535,11.08786,70.44076,2.8354,14.96888,0.52941,6.12151,13.25813,8.31672,13.2996,14.98718,100.0,23.98646,60.24223,23.449,1.521,1.20382,11.70866,36.73452,36.39713,67.43515,58.29355,40.63634,5.04192,37.4269,47.60607,8.90804,63.00366,15.44876,4.51272,3.43958,17.53643,9.34247,2.84259,96.22448,8.30581,5.78421,25.08986,15.70099,23.57905,15.94285,16.83386,19.69279,15.3508,45.19604,5.20468,9.3623,3.27248,5.04631,1.53076,85.19736,15.31721,0.63271,25.95268,44.84662,,8.0486,79.58974,74.88956,22.16242,32.75862,65.53398,39.29285,1.37944,11.86619,2.16273,20.4741,10.25853,4.62292,5.63704,48.5538,3.44566,33.46344,26.73796,57.50759,17.89665,2.78984,40.45721,5.7138,27.13004,2.31846,21.86168,8.04878,5.19358,1.62224,50.35348,6.02979,100.0,5.48726,16.8169,40.29541,2.65524,34.50409,6.08938,3.77179,77.14831,14.37669,2.36482,10.09306,4.32617,13.56852,19.89488,5.35003,10.4613,50.82686,7.46417,33.54001
2019-10-28,3.539,2.64489,17.84615,44.14321,31.01553,20.19452,8.85006,2.82587,7.24637,19.68071,34.96397,2.55185,0.502,3.35134,48.05945,23.52273,10.62046,50.0,10.47463,21.21906,24.83711,58.02191,,4.35589,0.28744,1.86751,0.48695,7.35014,12.05184,22.80927,0.40557,20.14437,5.8786,3.12906,77.48303,2.15064,4.38671,43.75,32.15184,35.81254,53.38571,8.82642,32.06209,2.0241,,80.63522,30.56994,16.32597,17.80883,0.79349,21.48004,2.36887,14.08896,34.2439,19.78649,11.85775,77.77777,2.70847,4.42982,8.35698,2.15419,71.31313,4.0022,4.19507,1.2429,9.17159,42.73607,4.96372,15.29848,23.1003,6.15333,43.45003,44.93248,94.18257,11.91445,53.69127,15.40575,100.0,2.71354,52.00733,34.06164,0.90682,4.28756,15.42188,42.04868,1.64705,8.03862,1.26419,8.00522,1.07883,29.33377,2.79929,8.77818,4.93665,49.91554,11.46698,12.61926,70.38988,72.00956,5.5,1.33903,10.16133,1.55373,48.06601,1.15131,56.12227,65.39431,3.46402,2.3345,24.15224,1.42598,23.41211,64.20765,2.24586,6.56329,2.90826,4.2383,7.52284,18.96999,53.18181,6.71043,16.55155,18.52287,10.16949,24.05028,34.59451,1.74304,8.95712,85.54104,68.95913,8.08506,61.78195,4.44015,27.86697,20.12814,7.3125,12.00639,26.34864,38.73144,20.32258,49.37069,6.62459,1.53753,10.56789,61.73986,2.99181,14.65101,12.3997,26.93579,68.06818,51.07639,15.10895,29.96598,8.13953,41.94907,4.02735,17.54296,52.9666,0.9734,9.14087,19.01608,8.88949,22.60661,38.87933,1.6473,2.08967,24.51381,9.10318,54.60418,9.92616,36.33587,,1.77099,8.82454,58.00392,0.07912,4.45053,0.31258,,4.92697,12.98675,16.98694,36.10635,67.0061,45.07503,7.9574,4.83411,95.80152,52.43568,10.53514,14.55864,27.98272,0.30177,5.13447,11.94705,43.21301,75.44154,51.07816,0.37699,7.97915,0.98849,6.80085,64.0799,34.27645,48.69512,64.6782,59.27389,2.24203,13.49508,33.24447,2.1831,4.65688,6.35217,28.50788,0.58852,43.9528,39.64773,11.37391,15.40575,1.50506,2.46689,38.70087,0.1359,6.69456,53.58389,1.86721,14.29549,0.87752,3.30016,13.28267,5.9346,12.85455,13.44108,13.21601,30.77858,53.93628,20.39957,1.40994,1.18614,9.01966,25.31351,40.94417,63.40057,100.0,39.21522,3.09885,28.2651,44.53753,8.76436,63.73626,26.33042,4.34639,3.67732,14.58495,7.23533,3.60627,70.71428,4.48255,5.33681,27.86963,17.05466,5.68408,15.84318,15.45947,23.98632,14.50305,42.7461,2.32264,8.66286,2.59841,4.72772,1.76548,85.42956,9.38572,6.9667,26.00383,40.24539,,6.26071,81.1282,56.73267,24.76635,39.08045,64.13834,26.56022,0.91562,11.47887,4.80508,16.25511,11.50264,3.52672,4.63788,29.46618,3.1036,15.13978,17.91443,49.90881,19.43296,2.78797,38.53026,1.23138,64.12556,2.03279,15.243,29.26829,2.41854,0.81112,50.16111,55.39494,31.15351,7.53805,41.12916,36.69433,2.27787,39.30963,4.5024,3.13347,71.35582,1.48529,2.75022,11.16364,3.93984,14.85627,18.90109,5.83145,9.08106,43.27544,7.43959,25.18618
2019-11-04,3.65806,2.11013,14.15384,47.73832,35.02922,20.42514,1.71231,2.51051,7.24637,22.20455,42.6658,2.66794,0.62421,16.14654,50.49545,19.26953,10.21431,56.60377,9.4108,27.85606,12.34915,52.06589,,4.16868,0.28791,1.99216,0.58397,7.0559,12.32882,25.16568,0.40567,22.6882,3.83724,100.0,71.43738,2.64393,3.26026,49.89224,28.98793,37.4891,53.66304,11.24849,29.71851,2.05973,,77.62502,34.80138,18.01813,17.13255,0.76798,25.88356,2.14384,13.83874,100.0,15.28897,8.80574,76.51515,2.77089,3.94965,7.52082,2.04081,63.23232,3.40515,4.14085,2.20955,8.57988,91.97941,4.40086,13.19829,24.92401,10.57606,41.76739,44.32717,100.0,11.05218,71.99511,15.42192,98.55546,2.88328,14.68026,34.84146,0.72325,3.72058,11.09787,31.53478,6.11764,3.69739,1.11118,10.13065,1.24318,28.09318,3.13901,5.28159,4.15059,52.87162,6.51342,10.30705,66.59641,69.13875,3.64285,1.23722,9.37495,64.4216,55.44094,1.80921,50.41048,17.41087,2.30775,3.00889,24.42906,0.92921,17.28212,48.63387,5.37825,5.44928,82.17416,6.33577,6.74569,18.18477,57.27272,7.9431,47.19875,17.01695,7.62711,25.06595,30.26836,1.64168,78.0033,84.56156,69.93442,8.89693,61.11448,3.18532,34.86238,22.31426,7.17187,11.61486,23.6252,29.52766,24.8387,44.80531,9.45858,1.64948,9.88326,65.28716,2.59015,4.24355,10.57622,2.26681,51.13636,27.49103,14.62171,25.59532,44.91279,33.42796,2.70128,55.74454,44.31112,1.13601,6.9135,13.15042,8.93738,18.71241,36.12925,2.20275,9.27126,26.60612,8.9874,10.99769,8.17401,40.0,,0.99728,3.20164,58.53874,0.08836,4.48476,0.62028,,5.59978,12.37656,3.90543,35.91976,63.54378,36.67731,8.86083,3.95282,86.64122,57.19759,9.26574,16.15477,22.89004,0.49038,4.85737,11.98188,86.83274,83.34735,39.94609,1.17622,11.19207,0.83126,6.46119,61.73645,33.20527,53.85393,66.59805,80.0341,23.28066,14.65936,33.04869,2.80957,3.23018,5.39688,29.64011,0.57132,42.55162,39.43206,12.66086,15.42192,2.07077,2.20122,21.34279,0.17062,9.62343,36.21754,1.97095,13.09187,8.81685,3.88221,24.14016,13.84933,12.78442,12.64512,4.04276,84.34906,83.63612,19.34805,1.54514,2.31801,8.3743,22.47964,26.04464,72.91066,39.02147,36.75193,2.36802,32.74853,69.23492,7.74425,65.8608,91.8189,3.75762,2.28738,61.45771,7.0957,2.88502,,15.12537,5.89047,49.58063,12.45972,18.2114,17.85799,11.18579,20.79246,14.95975,42.75102,1.80678,9.02235,3.441,4.00327,3.37789,81.26934,8.62958,28.29859,23.0115,41.04294,,5.95809,69.94871,44.78293,23.16145,41.95402,64.2597,23.01603,10.24111,10.91549,1.80893,23.50783,34.91788,3.99459,4.09974,29.14717,2.66418,13.89618,22.99465,46.10942,11.63462,2.03834,37.38285,1.13586,91.03139,2.67887,14.18466,38.53658,2.03714,0.57937,33.37661,8.3063,18.12662,5.6868,36.62495,34.41162,2.49575,34.18682,3.14688,2.78411,69.89178,1.76735,1.83913,9.55133,3.59076,12.45644,19.05398,5.07206,8.79258,66.20828,7.37194,32.56782
2019-11-11,3.83774,1.86443,8.0,45.47664,24.65917,16.74521,0.93889,2.00112,39.13043,28.31213,43.72044,2.61187,0.51852,8.13046,50.86705,22.83325,9.9853,66.98113,7.36497,31.11592,8.58387,43.59812,,5.40904,0.43359,2.69041,0.48695,9.40402,12.608,21.33652,21.74684,19.73186,30.69201,6.29304,67.95188,2.25618,3.06387,53.23275,26.90124,32.16369,44.64987,15.47573,17.5855,2.11939,,71.32021,26.68393,16.69148,18.03426,0.67493,25.63193,2.0725,17.47013,63.51219,14.87799,7.31909,66.16161,1.77534,3.13468,18.23359,1.72335,72.65993,2.65214,2.9992,2.06749,7.10059,78.11743,4.57914,26.32194,35.71428,14.21919,42.68975,36.59785,62.63508,13.54825,70.19524,21.09602,56.25332,11.52359,9.89282,46.14139,0.73248,2.89489,9.05592,27.81052,12.51764,2.61811,0.7414,8.95913,1.34244,25.94346,3.22054,5.18713,4.66834,44.76351,5.42378,8.86719,60.59009,72.9665,5.07142,1.30412,8.34047,1.77464,47.85972,1.97368,55.47598,12.71155,2.46905,100.0,27.82006,3.62954,49.40915,47.54098,3.07328,5.49882,7.40095,13.22526,7.07225,19.90144,79.54545,7.20482,81.56002,17.41131,6.61016,22.92066,26.16219,1.7857,17.80346,76.77238,68.40423,8.21158,63.75404,1.64092,28.74139,18.47444,8.11888,10.63258,22.36635,30.06747,30.86021,39.94258,8.12667,1.62709,9.65175,60.13513,2.83075,4.41001,9.91976,1.76426,49.43181,26.75879,14.1856,20.50732,72.23837,34.1022,2.52518,8.42488,56.36379,1.13696,6.36389,17.78618,8.72602,20.72017,31.04159,2.06627,8.46448,25.34808,8.86519,7.42486,7.62616,28.49872,,0.87136,2.10251,51.70949,0.08605,4.24512,0.3354,,6.08847,8.82342,23.80739,31.84574,66.80244,40.02669,7.77791,3.81674,78.24427,56.2671,7.22903,13.18016,19.45294,0.86759,5.16707,11.70323,100.0,81.32884,74.69002,1.48083,9.24444,1.06168,6.53446,59.43142,42.10756,49.56504,67.7638,59.13713,2.02976,12.25752,28.43753,3.35412,6.49429,5.51506,30.85321,0.46733,54.64601,41.22933,13.44347,21.09602,1.81691,1.84838,,0.15297,10.25104,100.0,2.42047,13.38451,0.9742,7.01608,9.70556,8.31294,14.79356,13.0159,5.6399,66.36185,54.44971,18.19137,1.43891,1.7592,7.82114,20.01221,21.54227,71.46974,29.6241,35.55187,2.22166,18.12865,54.09267,16.99712,60.80586,72.83558,4.76919,2.25275,12.54574,6.00406,3.22443,,100.0,21.78616,28.75629,11.57438,5.92808,18.10954,10.61396,20.2153,16.34697,44.59585,1.41165,8.55736,3.39479,3.76557,6.09245,83.33978,12.71033,6.17968,26.04859,61.71779,,6.16035,78.66666,43.00837,20.86045,36.7816,60.55825,19.87694,1.61718,11.33802,1.78957,100.0,21.58108,3.51321,3.91785,22.68183,2.78529,9.95832,26.73796,46.96048,11.09299,1.893,43.68923,2.44252,73.31838,8.4094,15.35403,16.58536,2.64489,0.92699,39.35939,4.33378,11.32697,6.17086,17.23309,32.75146,2.38663,30.39635,4.07577,3.14939,65.18141,4.15782,2.00361,13.22229,3.34837,10.46893,16.99952,4.32533,8.2649,58.47904,7.51861,38.15272
2019-11-18,3.48082,1.61873,1.84615,66.52792,18.9101,15.39155,1.29113,25.55856,15.94202,21.68786,36.97422,2.08297,0.40023,3.34554,58.54665,21.93886,8.9656,34.90566,10.72013,78.35297,8.81006,37.51276,,5.42137,0.48808,1.94142,0.98584,64.08007,9.09608,30.73146,82.54774,18.18494,3.86872,4.19426,67.70512,2.18155,2.3314,65.625,26.13042,46.15181,100.0,11.52413,18.86971,2.14823,,73.76155,27.28842,18.99282,16.18575,0.53279,36.98959,2.22986,13.28246,41.46341,12.61631,90.67368,48.48484,1.89308,3.6336,8.2416,0.86167,52.65993,46.13934,3.50125,1.99263,10.65088,91.10169,4.0886,27.28831,25.68389,30.44562,41.15335,42.03011,39.6183,13.56193,66.2294,62.15648,46.77259,67.21111,7.00803,39.13779,0.8411,2.58444,24.84196,30.33497,50.58823,3.30992,0.8851,7.55668,9.47522,23.19712,2.62263,5.53096,4.23888,41.55405,5.47713,9.47188,75.86933,75.59808,7.14285,1.12065,6.87446,1.60336,48.16915,1.64473,58.34061,14.89016,2.18158,11.30345,21.24567,0.88219,21.56573,51.09289,3.7825,5.27793,91.00068,4.27447,6.22979,19.05664,67.95454,7.14889,64.39005,14.37028,5.76271,23.69108,23.05323,2.17496,11.91182,67.58395,63.76324,6.88057,70.87378,,28.32568,57.68878,7.22246,9.78929,23.57987,26.8286,39.35483,40.16046,8.10276,1.37556,28.557,56.25,2.37035,100.0,5.25164,1.35213,47.78409,22.88653,14.06379,21.92722,91.35174,31.99077,2.13654,5.74205,34.58722,1.14224,5.38038,14.56953,8.26583,18.32415,24.81952,2.08531,53.51144,25.44835,10.70802,10.35289,7.9941,28.77862,,0.76436,1.1522,52.81195,0.07046,4.48476,0.25014,,5.06634,11.38122,4.47192,31.3948,69.65376,36.75013,24.38075,3.25946,75.57251,54.24192,17.74197,15.30834,19.12902,0.71671,4.62917,12.57401,43.61972,95.71068,53.85444,0.72081,6.94771,0.84899,6.24606,62.12063,34.93968,44.42646,66.22965,42.31833,1.51105,12.71143,22.96413,2.15302,2.44178,5.85975,24.42377,0.43025,40.33923,37.02372,16.12173,62.15648,3.33344,1.31941,,0.39986,7.32217,69.82239,2.17842,10.70667,0.71641,2.31671,7.18377,4.76549,16.80867,12.81405,6.48073,52.09577,53.04107,19.55835,1.10574,1.89512,5.91579,17.94788,18.54277,66.85878,24.76133,37.62829,2.45978,17.73879,51.28369,12.5431,55.16483,41.85861,3.9962,1.92126,9.53517,6.9053,20.66185,,5.70656,16.65232,100.0,11.32236,38.60978,20.26674,10.97512,43.59416,12.68196,42.09179,1.36381,7.7446,3.2627,3.37497,47.4232,86.6873,23.17866,1.89195,19.43734,46.87116,,4.98849,65.33333,33.99086,25.00483,51.14942,60.74029,18.83114,0.7228,11.93661,1.87815,99.82362,12.11877,3.91014,4.07711,22.89451,2.31111,10.46775,27.5401,43.58662,11.27396,4.1816,35.60479,0.8804,87.21973,100.0,13.43075,6.09756,2.03488,0.57937,25.34025,22.70858,34.70945,6.06863,15.94465,32.59277,3.35504,27.19947,3.6788,3.90191,64.54487,1.76666,2.21969,38.64846,3.34778,11.16434,17.72575,47.6853,9.99146,63.59433,7.24524,25.87841
2019-11-25,8.07709,1.79216,31.6923,82.24915,96.17395,12.68424,0.63316,2.82227,7.24637,21.29703,28.51484,2.60987,0.44638,2.53531,63.2535,19.95901,8.56809,31.13207,10.22913,50.36081,25.02267,41.62412,,6.84278,0.74755,1.63201,1.9256,100.0,14.99832,85.86156,100.0,17.39429,3.95878,6.85442,67.76681,2.74178,2.22252,70.47413,22.59562,37.00858,77.09729,25.0693,16.64288,2.10912,,75.39701,29.53367,24.93569,34.8963,0.6698,100.0,2.60387,16.30681,33.95121,11.15849,62.24436,65.90909,1.97,3.17688,18.03868,1.11111,44.44444,31.02875,2.85261,23.07102,11.68639,89.07384,100.0,16.17003,19.14893,34.75266,40.6653,45.35154,37.61784,17.01967,53.8133,100.0,39.40545,58.58116,4.50477,49.01787,100.0,2.05706,25.16638,27.29038,100.0,2.78436,0.66139,7.98035,97.24513,22.86093,2.55469,3.66823,4.44118,58.61486,5.5549,11.74196,71.02212,87.32057,5.35714,1.13649,9.6892,1.55591,53.79061,5.5921,63.05676,11.97335,2.62876,3.19041,27.26643,5.70981,20.01477,61.20218,8.51063,5.63018,5.32183,4.03404,5.57284,38.69814,57.95454,9.33297,65.05585,32.38679,15.9322,27.40075,22.71594,2.64776,10.8353,65.2985,64.51992,17.08626,58.90978,,30.41857,100.0,6.47679,9.48348,17.9412,35.9784,46.0215,38.41736,7.0238,1.17553,100.0,64.94932,2.15219,23.78702,3.20933,1.18238,47.5,48.03327,13.72843,19.82694,100.0,27.60157,2.03865,24.16296,53.54153,1.24444,5.50573,18.73226,13.54351,21.86596,58.98934,2.17101,100.0,66.74612,9.41675,7.06377,7.99653,32.51908,,0.88561,0.94787,60.47566,0.07681,4.27935,0.27603,,6.40729,38.06681,9.51938,31.22375,75.76374,100.0,100.0,2.68273,70.99236,59.38697,24.31718,14.63119,28.4506,0.49038,4.27057,13.27063,30.55414,87.88898,45.12129,0.14778,7.69494,2.37172,7.42388,66.0776,32.99254,53.40886,62.831,41.23767,1.12168,10.9935,24.96771,3.90128,2.33551,6.55899,26.0008,0.44209,35.69321,44.32063,15.11304,100.0,100.0,1.35255,,0.32394,30.54393,47.7801,1.17565,10.50921,2.01619,3.51807,34.35889,4.13704,26.09962,13.882,5.39101,42.31196,54.21274,19.03259,1.3182,100.0,7.08358,17.27198,17.34359,64.84149,24.40334,46.72351,2.10119,11.6959,55.89165,11.16379,51.59951,25.17871,4.28594,2.28894,14.55118,5.68672,100.0,,5.35256,61.55832,38.7491,14.9657,5.78033,53.5977,11.73756,27.67833,12.49072,40.27155,1.20334,10.40168,3.62691,3.65311,100.0,81.71439,74.69454,16.40246,19.60358,45.46012,,5.45322,64.0,28.37776,20.41572,37.93103,58.9199,26.03478,0.61377,11.65492,2.34787,40.58134,25.38685,4.38701,7.34283,26.6376,1.87955,13.13005,25.66844,46.10942,9.56054,2.18655,33.55522,0.60858,100.0,15.37137,10.87711,14.87804,1.89341,,26.02799,28.81355,17.72766,9.5482,15.44191,29.6875,2.14211,28.52716,51.84257,3.4143,60.28007,1.41947,2.80021,24.00486,3.30425,12.39256,16.95174,100.0,12.04274,63.60618,7.81509,54.17691
2019-12-02,4.16036,1.92224,35.38461,78.09046,19.81267,11.23032,0.863,3.12856,,21.95945,32.61951,4.09475,0.44777,2.02846,77.58051,19.39414,6.95212,20.75471,5.31914,46.71417,8.31265,41.71942,,4.72492,0.7649,3.51828,4.93744,95.07875,100.0,39.78276,5.39785,16.91302,4.30624,2.94933,73.01048,100.0,1.56197,100.0,88.86989,54.59801,50.68176,48.99847,11.5017,1.88372,,100.0,27.20207,25.21998,100.0,1.13329,21.43429,4.80646,21.66941,46.92682,12.13037,11.60326,59.97474,1.63399,3.13749,9.3789,0.88435,36.36363,3.12831,2.40478,1.41518,9.17159,100.0,6.95897,16.02679,17.4772,49.86461,100.0,45.14977,29.93791,13.60798,43.10555,64.61364,37.99893,8.3328,3.56062,50.66578,1.65795,1.92998,9.96678,79.14557,85.50588,3.11844,0.59953,8.48129,9.35318,24.71234,2.51392,4.5297,4.71034,100.0,4.06105,22.72558,63.85669,81.57894,5.42857,1.14541,12.83022,1.42658,38.11242,,57.44978,19.39142,4.13958,4.55391,23.25259,0.56982,14.10635,56.28415,4.07801,100.0,3.31517,100.0,4.60799,23.82757,100.0,11.7152,100.0,34.70403,83.72881,30.11209,23.77181,8.64391,9.18497,75.37313,56.23003,6.74402,54.10598,,100.0,22.03051,7.78196,20.28982,77.75917,27.53036,69.35483,30.08382,4.76746,1.37706,17.65228,58.78378,2.29246,9.73762,6.34573,1.95327,42.04545,34.27723,15.19316,21.45392,63.29941,38.85512,1.97504,4.79045,100.0,1.16261,5.3611,15.98864,25.43676,24.93405,45.41079,1.80283,92.59357,100.0,6.01733,7.95553,8.00139,33.51145,,100.0,0.7335,76.64405,0.06988,3.80006,0.25398,,8.37452,57.37681,100.0,27.58513,87.9837,46.91557,48.94699,2.83177,54.19847,55.39135,11.75149,14.46191,23.48389,0.41493,4.05867,6.16509,37.87493,92.2624,42.83018,0.30159,5.67861,1.19972,19.60655,61.96696,46.02437,56.48391,63.13713,32.99433,1.7578,12.6178,23.12242,2.51223,2.27617,5.44612,30.69146,0.43194,41.37168,45.97411,13.02608,64.61364,4.60184,0.94568,,0.95474,15.48117,62.72947,2.00553,11.69237,0.60883,100.0,11.33143,6.01914,99.00182,14.18693,5.20601,54.97119,53.26487,19.76866,1.06228,15.63026,9.06576,14.36889,18.20756,52.16138,50.41766,35.42554,3.99391,7.60233,85.24581,12.83045,53.91941,36.13979,3.96616,2.52013,8.79474,5.19801,22.44378,,4.83656,11.21667,49.17325,12.29733,100.0,34.99928,11.84791,37.29763,13.24713,40.01082,3.46751,8.72929,100.0,100.0,72.78293,76.50928,27.05537,1.26296,94.59079,60.98159,,4.91901,62.97435,28.88804,25.45601,54.02298,53.15533,31.16715,0.56399,35.35211,1.49459,23.75476,100.0,2.75821,4.48281,23.19225,4.98487,9.46289,20.58823,56.62613,8.44649,5.49224,38.32004,2.57354,27.35426,13.4206,9.36571,7.56097,2.18879,,24.89299,9.25796,11.72593,17.00374,13.72754,30.13916,1.98427,36.07368,12.9485,23.89201,60.40738,1.74076,4.51276,34.9251,3.11323,16.52584,39.91399,10.1009,9.96942,56.5408,8.47535,23.97996
2019-12-09,3.29189,1.87888,31.07692,56.6119,15.67081,9.5558,4.87024,4.5945,,21.16454,32.56999,2.30333,0.50797,2.31707,84.76465,18.68804,7.01261,28.30188,5.72831,55.05855,15.02175,45.3611,,9.85893,100.0,100.0,100.0,76.26492,10.66342,23.36769,1.33868,17.15366,3.73046,2.20917,79.17951,5.56549,1.23573,84.59051,68.57704,37.17491,44.44187,23.33026,17.52064,2.22944,,84.33278,24.35233,18.0046,51.57799,0.72659,22.17774,3.29628,100.0,33.65853,10.01602,7.14943,42.67676,1.96966,3.26035,7.40947,0.72562,33.67003,1.59702,2.07645,2.11464,8.13609,70.97457,6.03395,14.99586,18.99696,32.25,35.64116,43.36489,35.45642,11.66822,41.82428,42.17588,27.1573,4.46126,2.99995,54.61634,0.95462,3.10692,8.60887,79.79748,56.5647,2.54963,0.58442,8.53546,5.13546,23.63748,2.93518,74.35147,3.88228,99.66216,3.58902,16.39612,83.14014,76.31578,7.07142,1.11373,9.28473,1.49715,40.17534,,56.0524,11.32517,100.0,3.89235,32.11072,0.43638,14.10635,54.09836,1.41843,9.13547,3.93389,13.07585,3.96311,21.98635,57.72727,7.16906,33.52841,38.37755,36.61016,25.60847,21.79205,3.65068,11.23351,78.54477,54.24583,6.10753,56.53317,,21.86066,17.56216,7.32515,19.94694,67.1444,27.47638,74.8387,27.95621,4.66904,1.35019,18.45541,57.51689,1.80862,17.07296,,1.63575,46.5909,22.61429,100.0,22.54843,54.1061,40.39877,1.89227,5.73648,40.57687,1.05175,4.8597,14.75875,14.04014,74.31896,30.25094,1.61239,65.77172,50.9667,7.27644,85.26504,8.92933,30.12722,,1.62456,0.56271,75.06024,100.0,3.45771,0.4113,,6.41976,14.91071,3.40291,27.25859,89.8167,36.62877,19.72597,2.90953,68.32061,53.91351,12.02906,11.10036,20.38869,,3.97718,6.30442,24.14844,100.0,50.59299,0.31667,5.24759,0.89978,12.00434,57.08797,35.24752,73.17418,60.1605,33.68696,1.78765,8.33723,31.96151,1.86944,2.30711,4.86507,31.41932,0.37668,42.55162,48.77785,16.12173,42.17588,2.96718,1.21523,,100.0,13.59832,38.33406,1.4177,11.36197,0.38686,19.37379,7.56942,4.67825,19.55236,13.61716,4.28366,29.31973,90.69246,21.6614,1.12988,5.00276,9.9877,13.87622,17.54582,62.53602,68.61575,34.55708,2.20943,6.04288,84.81663,10.94827,50.86691,,3.65639,3.55486,6.36181,4.74105,10.6067,,4.47066,6.63011,30.1941,11.49189,10.42403,22.91281,9.41011,33.70424,15.76183,45.54533,1.97384,8.58862,9.32604,9.48241,48.73966,75.23219,13.74492,0.73699,93.47186,73.92638,,5.04716,67.48717,30.00761,23.57718,51.72413,57.16019,21.81938,0.48592,16.23239,1.27336,23.10568,50.62679,2.17267,4.65129,17.08847,5.49893,7.83134,22.99465,53.1003,8.26552,2.47192,37.35657,0.50556,,9.15406,61.81368,20.4878,3.82304,,22.82017,3.64254,21.69991,12.85165,13.8384,34.66796,2.57166,44.24451,13.02248,4.89322,54.36028,18.87281,12.37482,100.0,3.10323,25.65766,25.91495,8.05225,13.18644,46.12648,7.34703,23.38177
2019-12-16,64.25317,1.60427,97.23076,43.43598,20.04304,9.42544,0.77092,2.20359,,21.0983,36.61525,2.76995,0.45066,3.10991,89.96696,38.94334,6.64535,41.50943,5.48281,30.14808,8.0347,83.28908,,6.57467,3.4049,3.098,4.97792,37.26417,8.77449,19.40967,0.7695,17.56617,3.27341,2.34597,73.25724,6.43721,1.31746,82.65086,78.33645,100.0,39.35752,39.53611,19.04267,2.04001,,79.87674,24.69775,17.40896,26.28494,0.56038,22.63525,3.56065,15.15147,28.0,9.65674,4.80657,39.26767,2.19991,3.6186,6.77499,0.49886,31.44781,1.11587,2.17886,27.70082,10.65088,67.22154,7.97033,16.62598,14.13373,25.96086,31.80897,40.71084,,12.63582,42.64795,33.02618,19.07549,3.65396,3.3051,58.62576,0.9863,2.39702,7.9252,78.25785,44.32941,2.18942,0.63479,10.26654,4.38857,26.05236,2.36445,4.80552,50.17144,86.40202,5.11814,10.80022,100.0,66.74641,9.5,0.99808,9.60951,1.39746,40.48478,,47.59825,18.45516,12.15204,3.97537,28.30449,0.35129,10.33973,48.08743,3.07328,7.35549,2.68112,11.71607,4.83411,17.4916,53.86363,6.51628,43.29988,59.69768,26.44067,28.36811,21.98269,1.95605,42.89491,67.25746,54.868,5.62373,77.70024,,21.15825,18.52479,6.79347,23.19498,79.04243,27.77327,100.0,29.0072,7.19673,1.09791,7.23031,54.30743,1.90829,23.1704,,12.59162,40.39772,24.55267,16.90452,22.47448,42.73255,26.2154,1.82116,5.59382,34.0397,0.96207,5.01398,15.89403,9.78489,23.06661,31.17909,1.60286,39.69051,29.35111,6.96608,8.94014,7.54025,26.00508,,0.86532,0.51894,51.25111,1.72114,5.13522,0.2368,,6.56291,10.44411,2.9616,22.34489,100.0,33.44929,16.41737,2.36521,69.46564,53.47564,11.29012,41.01571,21.93629,,5.41157,11.73807,19.62379,95.45836,45.74123,0.21714,4.61047,100.0,7.2638,50.13446,43.02107,62.41149,59.11064,38.18731,0.95982,8.15607,28.37505,1.59359,3.17003,4.69765,30.57015,0.36158,43.06784,41.8404,13.6,33.02618,10.00548,1.59703,,4.80413,12.34309,30.62921,,19.67321,0.27346,1.82068,9.01097,3.51921,14.76723,16.35148,3.39858,26.90417,63.73091,18.08622,0.73394,3.27138,8.14382,13.87622,21.62988,53.6023,23.00119,34.32022,12.7587,3.50877,78.71296,10.20114,46.30036,,3.47683,2.96737,9.04376,4.60142,17.43742,,3.96372,5.26668,30.40977,10.84493,79.58648,18.20921,9.64085,24.91103,21.99292,44.03994,1.77109,9.87417,7.34461,4.87566,32.57475,67.7051,11.4453,1.50168,100.0,47.48466,,4.01581,62.66666,38.08834,22.28166,50.0,53.15533,16.7565,0.52756,11.9014,4.3215,22.10385,29.79691,2.0764,5.07292,17.15227,9.55628,39.41155,26.2032,48.20668,6.87039,5.44953,42.72575,0.52085,,14.37537,28.64689,27.56097,100.0,,32.68407,2.42461,14.90026,8.81903,22.64262,31.79931,2.07404,33.73464,6.45125,8.50029,55.31508,5.9592,2.8623,10.33278,3.55115,19.27119,18.10797,86.03654,17.10571,38.07717,8.46611,25.71328
2019-12-23,100.0,1.48865,100.0,41.16325,68.68703,9.48561,9.38715,2.16998,,19.5151,34.7981,16.34174,0.44294,35.00263,100.0,20.81464,6.39042,6.60377,7.52864,100.0,5.78646,100.0,,5.15943,1.58642,4.92305,3.97958,28.76593,9.70968,18.41556,0.67775,15.2286,3.59816,2.40635,64.49722,3.19593,3.54429,83.62068,100.0,58.21518,39.33441,16.09209,16.42236,2.07995,,71.36762,24.43868,29.34885,22.22723,0.68408,24.78554,2.81421,17.60068,30.04878,10.0703,4.33482,50.0,2.22875,3.90323,7.12368,1.72335,28.14814,1.02053,2.41583,1.83086,4.88165,63.28692,7.135,46.79726,12.462,43.43507,36.33184,38.91044,,14.48302,43.80719,31.05399,24.51912,3.20698,3.20972,59.58949,0.9662,2.27533,8.13014,84.13898,36.0,2.19527,0.60782,21.39907,5.6106,32.39736,2.74493,4.0655,7.04452,76.01351,5.86596,10.27236,73.76185,80.86124,3.85714,1.19139,8.86222,3.04738,35.32748,,49.90393,16.87072,6.21895,15.42752,24.84429,0.35449,10.33973,49.18032,2.42316,6.75446,9.31146,7.69533,4.60195,20.18845,60.0,6.46714,28.07402,87.74647,27.28813,100.0,21.29344,2.01901,7.30052,48.50746,51.26954,5.38684,71.19741,,20.09747,16.06102,25.61527,22.16288,100.0,23.07692,98.92473,33.36751,6.80672,1.00984,6.33064,43.91891,2.08189,28.11637,,1.86327,35.56818,79.9692,26.0929,20.64043,30.19622,25.4591,2.0195,3.27384,94.53771,1.0156,6.1132,47.11447,19.62288,19.92677,26.91646,1.46003,30.60441,29.63488,5.4722,9.7816,8.31178,27.2519,,0.83843,3.13209,81.04303,1.80546,4.7244,0.20103,,13.87434,14.14161,3.77784,21.7229,84.52138,33.89021,13.44381,2.74105,56.10687,53.74931,8.06049,27.59371,17.65341,,3.84678,12.19087,14.18403,87.13204,58.49056,0.14174,14.70598,1.34015,7.17039,48.52093,47.02297,51.40602,81.15433,65.04197,25.11939,7.10781,27.72941,22.49213,2.5239,4.71735,30.61059,0.42635,43.73156,42.84687,12.36521,31.05399,5.11953,0.60717,,1.34243,16.31799,62.28797,,17.03234,0.23813,2.16475,6.82421,3.19815,12.91325,14.7295,5.37504,100.0,61.29541,15.45741,0.96571,2.85181,8.69698,13.34283,37.85879,58.50144,14.28997,35.10974,2.5572,2.14424,100.0,9.15229,51.42857,,3.65496,2.96644,48.41572,4.82355,11.03097,,3.09485,4.90855,26.24011,11.5523,75.79388,14.87493,12.25922,49.03578,25.84061,42.82973,1.68148,6.72085,4.19987,3.99866,24.16573,65.15092,10.18507,0.75264,97.81329,43.12883,,6.23292,73.23076,36.85453,51.4212,100.0,52.48786,17.11752,0.49648,16.5845,1.57392,18.95019,13.32259,2.29203,5.63285,14.27052,6.97656,10.20498,31.01604,35.74468,8.4375,9.90562,84.76832,2.71996,,21.18926,9.75072,2.68292,3.91923,,33.39585,2.20493,8.48222,8.03567,14.3003,26.92871,2.63097,32.46557,5.09967,4.59578,48.94971,2.52923,2.41481,81.2738,3.97337,18.40737,20.59245,5.46182,100.0,30.72728,100.0,32.24413
2019-12-30,13.40968,1.37303,99.38461,39.76351,50.41342,8.77368,20.62369,2.18014,,15.6664,34.62976,5.13356,7.73511,20.93437,51.27993,20.70111,6.55461,22.6415,5.56464,48.75729,14.1528,92.00871,,5.73185,1.19541,3.90932,2.06553,23.03121,8.80232,100.0,16.19072,16.43176,3.224,8.77205,71.80752,2.73004,0.87253,35.45258,72.16667,45.52343,37.41622,30.55731,22.75262,5.4682,,73.35861,25.21588,19.56139,26.60054,0.78435,26.85577,2.97525,21.77674,49.36585,10.1556,20.35103,51.76767,2.31157,3.30396,29.67263,0.90702,28.95622,100.0,1.96499,1.62187,9.31952,60.35108,5.29729,53.39036,12.462,68.69514,27.38476,98.92907,,14.25047,50.39658,24.97575,53.28062,100.0,18.90238,38.46832,1.1199,1.9679,10.47814,61.08606,19.48235,1.97676,0.57648,23.43568,4.61638,24.95856,2.86723,3.62937,6.87308,69.76351,4.53308,10.74074,55.53213,59.0909,2.0,1.18109,10.7733,1.64155,32.54254,,51.16157,20.56175,4.55322,4.59391,42.56055,0.4308,10.63515,58.19672,1.41843,6.64474,3.25803,20.16981,5.03828,21.47189,57.5,6.32771,34.1255,100.0,27.9661,36.46002,22.61328,2.4272,8.51606,59.56156,46.61173,6.62013,76.09223,,24.24025,45.57437,7.86745,17.36148,63.16909,76.43724,19.78494,55.63815,9.63427,10.01037,58.93531,44.34121,2.04823,11.03095,,100.0,33.97727,78.32447,23.03863,19.87132,27.8343,30.51588,2.10869,2.90111,60.80523,1.20115,4.89827,22.04351,67.16989,28.95064,25.09453,1.37434,25.96217,33.61899,6.65251,6.74975,7.95357,37.83715,,0.88868,0.8156,90.00211,1.1095,5.44334,0.19142,,10.37692,12.90972,2.75108,22.14274,62.52545,44.03948,49.16836,3.11689,49.23664,43.95183,10.13545,50.8827,47.65161,,4.41727,7.38418,17.64107,79.73086,49.81132,0.25032,56.51177,0.96739,8.8423,48.52093,40.89748,40.68379,64.60037,65.40583,2.83968,8.65273,24.29291,5.90012,2.47008,3.96887,28.3057,0.38502,33.25958,37.05966,9.70434,24.97575,45.2659,0.78717,,1.11956,12.34309,69.73464,,15.00822,100.0,2.68084,8.14268,6.70298,13.24864,13.18769,5.48817,66.19271,77.42232,13.35436,0.9126,2.72156,15.3196,16.79153,30.84274,48.70317,13.81264,27.49092,2.12001,7.9922,71.21122,10.60344,49.86568,,3.44213,2.82027,35.52327,22.45493,10.73398,,3.17415,48.02286,20.77641,10.41428,6.9868,14.6922,18.11797,43.39573,24.75309,44.59585,1.55188,8.08846,6.68141,4.47761,15.17501,63.85448,10.07225,3.09681,78.12659,44.90797,,5.19384,100.0,29.97715,100.0,58.62068,67.71844,18.8464,0.39218,17.78169,2.35704,34.40101,13.46003,2.18562,8.62782,14.5789,5.10734,25.36589,28.60962,37.41641,6.77413,2.43523,73.9774,2.27552,,59.01549,8.8231,17.56097,2.18992,,20.89164,18.11842,7.70164,5.49711,12.9749,28.74755,1.58737,39.2901,10.2116,2.83274,44.36664,12.31455,3.22029,12.95545,100.0,14.53687,22.89536,8.79376,27.57826,35.96704,12.71938,34.07805