,백예린,Alan Walker,Dua Lipa,릴러말즈,홍진영,모모랜드,박지훈,천단비,AURORA,Idina Menzel,NO:EL,Evan Rachel Wood,산들,Straight No Chaser,로시,pH-1,Jeremy Zucker,(여자)아이들,전상근,Colde,다이나믹 듀오,청하,김효은,마크툽,Kid Milli,김필,Disclosure,서인국,Kristen Bell,장덕철,권순일,펀치,Farruko,Will Smith,CHANGMO,이용신,브라운 아이드 소울,헤이즈,MC몽,백지영,윤딴딴,비와이,X1,디오,iKON,송민호,규현,화사,지아,박효신,거미,Lukas Graham,Pink Sweat$,Camila Cabello,Martin Garrix,Hash Swan,김나영,John Legend,한요한,Jonathan Groff,바이브,ITZY,김재환,적재,성시경,Jvcki Wai,멜로망스,AB6IX,Social House,Ruel,Young B,MINO,Sabrina Carpenter,Halsey,다비치,로코베리,Selena Gomez,김길중,숀,정준일,Marshmello,SUGA,정효빈,Ariana Grande,루피,방탄소년단,FANXY CHILD,전소미,Troye Sivan,AOA,Coldplay,핑클,Josh Gad,Jonas Brothers,카더가든,우주소녀,WOOGIE,김승민,갓츄,볼빨간사춘기,아이유,The Chainsmokers,치타,Post Malone,한동근,이해리,팔로알토,장범준,빅스,태연,장혜진,샘김,창모,BLACKPINK,앤씨아,오반,양다일,마마무,닐로,브라운 아이드 걸스,소유,보아,지코,길구봉구,우디,이진혁,황치열,어쿠스틱 콜라보,김범수,임창정,잔나비,WH3N,오마이걸,은지원,허각,EK,보이비,Aurora,스텔라장,넬,비투비,기리보이,벤,먼데이 키즈,슈퍼주니어,Taylor Swift,산다라박,ASH ISLAND,첸,윤건,Sia,The Quiett,김동률,Michael Buble,매드 클라운,피아노맨,PRODUCE X 101,백호,Crush,세정,여동생,Juice WRLD,로꼬,박다혜,어반 자카파,P.O,권진아,저스디스,윤종신,염따,스윙스,윤하,자이언티,정인,엔플라잉,CL,Ed Sheeran,박봄,쿠기,맴맴,케이윌,백현,SG워너비,김동준,태용,Sik-K,GRAY,블랙넛,DAY6,이수,Mariah Carey,빈지노,Zara Larsson,BIG Naughty,에일리,비,VICTON,빈첸,뉴이스트,WINNER,HYNN,IZ*ONE,영비,10cm,강현준,여은,이석훈,최자,송하예,폴킴,황인욱,스탠딩 에그,박혜나,Naomi Scott,박진영,Adam Levine,Zedd,임한별,크레파스,그루비룸,이소라,레드벨벳,Justin Bieber,그리즐리,개코,케이시,NCT DREAM,에피톤 프로젝트,Charlie Puth,Imagine Dragons,플라이 투 더 스카이,윤비,정승환,제니,린,선미,Lauv,신예영,윤미래,Khalid,휘인,유노윤호,가비엔제이,Mike Perry,YUNHWAY,헨리,V.O.S,반하나,GOT7,Anne-Marie,TWICE,EXO,Charli XCX,Adele,세븐틴,이하이,임재현,펀치넬로,JINU,에픽하이,Alessia Cara,악동뮤지션,박재정,ZENE THE ZILLA,도넛맨,Maroon 5,Bryn,윤민수,Billie Eilish,유산슬,노을,임현식,Arizona Zervas,Sam Smith,이우,Kiana Lede,짱유,문성욱,FTISLAND,김민석,지구인,존박,김호진,육성재,엠씨더맥스,하은,Woodie Gochild,사이먼 도미닉,현아,박경,히키,딥플로우,크러쉬,EXO-CBX,Shawn Mendes,서동현,CHEEZE,여자친구,Mena Massoud,이영지,박재범,송가인,하성운,빈센트블루,최엘비,윤훼이,김하온,세훈,찬열,공기남,투모로우바이투게더,송이한,옹성우,사이먼도미닉,Leellamarz,The Quiett,Stevie Wonder,Andra Day,마미손,Osshun Gum,애즈원,원슈타인,Post Malone,Swae Lee,에이치코드,보라미유,픽보이,우원재,강다니엘,하은요셉,Chillin Homie,TAKUWA
2019.6.2,19,87,14,0,83,35,57,0,30,0,68,0,59,0,26,47,46,23,0,60,27,43,29,0,45,25,20,32,0,30,0,53,0,69,0,7,19,26,7,24,18,8,11,72,17,33,27,3,78,51,32,20,0,5,38,0,32,29,37,0,26,2,29,36,36,51,30,99,0,19,0,20,47,78,75,0,29,65,42,0,100,64,0,41,68,100,0,32,21,32,56,0,0,100,28,88,0,16,0,22,47,70,25,37,49,73,0,21,72,33,30,26,11,53,36,18,17,33,12,12,70,88,33,32,32,15,39,0,58,35,100,0,35,28,37,17,0,30,21,29,86,17,52,45,24,40,19,34,1,21,31,0,45,69,13,0,45,52,64,51,78,0,74,100,0,0,13,100,38,40,90,22,27,65,53,65,37,7,100,0,38,32,100,0,41,0,72,0,14,70,29,34,40,0,35,70,100,5,34,100,0,62,10,84,0,0,27,1,0,37,6,0,0,100,15,29,47,29,14,0,60,28,31,0,41,45,21,76,23,100,0,0,44,44,3,28,20,0,77,10,16,69,27,0,48,44,0,0,84,48,55,39,77,37,61,100,53,6,0,32,33,29,31,0,32,49,0,11,54,0,43,35,0,60,70,100,0,0,48,25,0,59,27,26,47,100,0,53,21,4,82,15,81,0,22,0,33,52,88,30,13,100,57,0,32,0,68,28,39,0,30,0,29,86,0,46,52,0,16,100,9,0,39,0,57,64,0,11,12,100,0,0
2019.6.9,12,65,28,0,100,34,54,0,65,0,0,53,67,0,45,0,92,32,0,0,0,63,29,28,91,13,59,63,0,15,97,41,0,98,39,3,13,41,6,37,36,80,15,64,100,100,76,4,90,51,43,20,0,11,30,0,35,58,49,0,21,6,37,41,46,0,10,99,0,28,0,0,0,52,80,0,29,64,66,0,86,0,34,38,65,77,0,100,62,40,56,6,0,28,97,100,49,16,0,35,44,47,60,29,25,32,8,26,75,37,35,26,16,58,36,18,17,22,8,6,92,92,25,0,32,23,39,0,34,43,67,0,39,66,44,51,0,65,20,35,45,75,46,30,14,49,19,69,1,21,46,0,45,86,19,25,45,49,68,49,72,2,83,49,64,69,38,33,27,28,55,19,9,75,66,52,58,10,43,0,65,32,100,28,57,0,56,40,14,81,0,37,100,0,48,79,0,13,34,79,0,31,13,56,0,1,13,2,6,35,6,0,0,85,14,29,47,58,42,0,44,32,66,21,27,27,27,100,69,62,0,4,44,45,2,26,21,0,60,0,32,100,28,0,0,27,0,66,73,48,89,49,26,37,45,57,42,0,32,32,0,100,31,0,32,41,0,11,67,8,61,52,0,60,59,50,0,0,0,25,0,47,0,20,28,76,0,40,17,2,82,30,89,0,40,0,33,38,98,15,8,87,52,0,0,6,56,30,43,0,15,0,39,0,0,0,35,0,21,0,35,0,25,78,0,0,0,28,8,0,0,15
2019.6.16,14,95,29,60,66,29,66,0,48,13,0,0,51,0,33,0,0,18,0,0,36,50,39,19,45,13,20,43,0,0,0,35,0,99,39,9,13,24,5,27,18,30,13,71,25,51,40,6,56,42,40,0,45,39,15,0,57,0,25,0,28,8,45,78,31,0,10,42,30,19,0,20,0,52,46,57,29,33,49,8,72,48,34,41,78,67,0,67,21,20,51,3,0,29,14,86,0,16,0,35,51,47,36,22,25,33,9,28,70,35,12,40,16,43,0,14,34,45,31,9,75,90,91,32,77,21,99,0,41,20,49,0,27,73,45,63,0,48,42,29,66,76,38,61,11,68,0,52,1,0,55,0,23,35,13,51,59,53,38,61,71,0,56,50,54,0,13,23,11,19,26,17,18,86,13,76,71,16,22,47,44,36,84,4,58,48,66,100,59,82,10,62,30,0,33,68,0,16,28,72,21,32,10,85,0,1,27,2,4,21,16,0,0,96,10,29,0,29,71,0,38,73,31,0,28,68,0,51,58,39,0,4,10,51,3,42,36,0,35,32,16,70,28,0,0,39,0,33,64,73,66,63,26,38,58,52,36,0,0,43,33,33,31,0,0,25,48,51,52,2,33,0,0,20,54,0,6,51,0,57,100,36,28,27,48,82,0,27,14,3,83,0,64,0,80,10,33,36,69,0,14,98,34,0,0,6,44,18,67,0,0,47,22,0,0,0,53,0,38,0,0,54,11,53,0,22,100,6,6,0,0,0
2019.6.23,9,67,14,24,70,47,55,0,42,0,35,0,78,0,26,65,95,89,0,31,18,100,30,0,46,13,40,32,27,0,100,26,100,65,79,8,13,37,6,63,37,18,6,84,34,63,41,6,67,92,42,0,0,45,15,0,40,30,25,44,34,6,60,37,52,0,41,67,0,19,49,20,48,79,46,0,10,100,43,3,58,32,35,61,69,65,0,65,63,21,40,6,0,15,100,77,0,32,0,15,49,47,31,30,25,49,0,20,76,43,18,41,19,65,37,21,34,43,8,0,72,96,45,0,100,29,40,36,41,45,69,0,45,100,60,58,35,42,32,31,79,47,41,31,6,34,29,35,2,0,40,60,23,0,26,26,42,38,31,43,100,0,57,51,76,0,0,23,30,22,15,27,9,82,41,57,50,23,29,0,50,46,85,0,83,0,74,41,44,80,10,28,41,0,35,73,0,13,62,68,0,32,10,19,100,1,14,5,20,31,26,0,22,97,9,30,49,30,57,32,38,59,63,0,35,18,11,0,35,79,0,4,54,82,3,39,37,0,44,11,22,43,0,0,0,38,0,34,86,99,63,45,26,38,38,34,61,7,32,33,0,28,32,0,48,34,0,0,100,2,58,18,0,41,66,0,0,0,98,39,67,36,0,15,29,58,0,27,17,7,36,16,35,100,77,10,0,37,100,0,20,99,73,0,0,12,38,26,28,94,38,46,30,17,92,47,36,0,0,0,13,0,25,0,58,43,0,52,12,0,0,15
2019.6.30,11,67,29,60,57,35,64,0,30,0,35,0,35,0,13,32,95,66,0,31,27,78,100,67,46,10,40,43,27,0,0,37,0,83,0,6,13,47,5,50,19,34,11,98,26,40,34,8,80,100,57,0,0,34,15,0,48,0,57,44,28,9,53,26,11,0,41,76,0,19,49,41,48,26,57,0,59,33,68,8,51,49,0,55,69,71,0,82,43,20,58,12,0,15,43,61,100,32,92,28,51,48,36,38,25,100,26,15,59,47,30,68,25,55,37,14,23,40,12,9,84,100,41,0,73,18,20,0,53,100,57,0,45,91,15,35,35,30,0,33,63,36,54,39,13,88,10,35,1,21,32,0,46,0,13,0,41,73,74,66,96,0,38,0,54,0,13,34,20,18,38,56,47,87,55,84,63,70,66,48,44,43,51,0,46,0,51,46,15,92,20,63,21,0,100,63,0,8,56,68,0,0,15,96,50,1,20,3,18,25,16,0,0,59,16,0,36,30,29,32,54,42,60,0,98,41,22,52,70,39,0,4,40,100,3,24,21,0,53,54,38,60,42,0,0,40,0,34,43,100,67,47,0,19,51,34,43,0,0,0,0,12,48,0,0,17,0,45,49,0,42,35,0,21,28,0,0,0,49,32,68,85,56,24,24,83,0,27,26,4,48,0,61,0,70,0,34,43,100,15,23,72,44,0,0,0,45,18,24,0,15,47,10,0,0,0,54,0,11,0,9,0,33,0,58,0,50,12,13,0,0,0
2019.7.7,7,44,48,60,68,44,47,0,30,0,34,0,60,0,7,0,47,65,0,0,0,54,20,28,46,19,100,64,27,31,0,19,0,100,0,6,26,73,10,30,28,48,11,84,9,46,51,100,59,87,71,21,0,100,15,0,33,44,38,0,35,18,45,42,21,0,72,42,31,0,0,20,48,79,46,0,20,83,80,3,15,49,0,45,79,55,0,43,21,23,34,9,0,0,43,42,0,0,91,26,53,0,67,37,25,50,0,30,70,45,6,54,17,71,0,19,28,76,20,0,78,90,25,33,67,18,20,36,100,63,38,0,31,80,30,46,35,30,21,33,50,30,60,46,21,59,10,70,1,21,39,59,38,0,19,26,44,35,85,52,82,6,28,0,76,0,13,23,28,18,28,32,9,66,27,67,96,21,15,48,17,73,17,4,25,0,69,37,44,89,10,57,20,0,75,69,69,11,42,55,0,32,3,29,50,2,41,5,11,38,22,40,0,44,10,30,73,30,100,32,76,36,43,0,77,36,22,51,47,47,0,6,64,76,3,29,42,0,17,43,43,22,28,0,0,32,0,0,64,0,78,41,52,32,53,25,36,0,0,87,67,10,96,0,32,25,48,34,71,6,51,17,0,31,44,0,0,0,0,7,67,24,56,24,34,49,100,54,16,3,36,0,52,0,88,10,100,40,50,31,18,62,29,100,0,6,100,26,47,0,0,46,37,0,93,47,53,0,22,0,9,0,36,52,0,0,0,17,13,0,0,0
2019.7.14,9,92,30,25,55,34,54,35,63,0,0,56,45,0,21,100,49,58,0,32,0,45,41,59,47,40,42,67,56,32,0,42,0,73,41,8,13,40,9,27,19,31,29,76,44,53,49,24,61,72,73,21,0,35,16,0,23,31,79,0,19,27,39,38,43,0,53,52,0,20,51,21,0,14,64,0,41,51,64,0,30,25,0,56,84,69,0,55,66,19,42,100,0,0,45,27,51,100,0,12,82,49,27,16,26,26,9,19,65,46,31,56,11,68,76,7,29,29,8,9,97,95,33,34,64,100,51,74,37,73,38,0,23,90,78,36,36,63,11,36,47,18,48,72,8,42,20,0,1,22,33,0,64,36,20,0,100,49,100,63,58,2,59,53,34,72,14,59,15,21,31,27,10,80,42,66,100,18,23,0,46,70,0,11,39,100,86,28,46,65,21,52,42,57,51,72,36,10,43,66,0,33,10,40,0,0,42,3,9,32,10,84,22,81,7,31,100,31,0,100,16,28,66,44,29,19,39,0,60,57,0,6,36,51,3,23,16,0,54,0,51,39,0,100,0,21,0,70,34,0,74,60,0,73,49,16,69,0,33,23,0,19,0,0,33,53,50,35,57,0,76,18,0,96,40,0,0,0,0,22,35,25,29,24,50,86,0,0,9,3,49,0,59,0,92,0,0,40,72,32,15,81,95,0,0,6,52,24,70,0,16,0,33,18,96,0,37,0,17,0,18,0,37,55,0,22,0,18,12,0,0,0
2019.7.21,11,80,26,0,56,35,60,0,46,0,37,0,56,0,29,0,0,32,0,0,10,57,21,51,50,100,0,46,58,0,0,75,0,25,0,8,0,47,5,33,40,75,44,67,28,31,66,17,66,46,58,0,0,36,100,0,35,32,41,0,20,45,49,23,34,0,100,63,0,0,0,44,52,14,100,62,53,72,33,12,16,18,0,42,90,69,34,41,0,20,37,69,0,16,31,69,54,69,99,27,83,51,61,41,27,81,0,27,62,77,7,58,18,77,40,10,18,40,17,6,56,88,43,0,61,90,11,0,51,51,31,0,32,49,57,37,75,46,11,37,58,51,54,33,16,64,21,57,1,0,26,0,100,38,14,0,35,68,54,29,70,2,82,0,0,0,0,49,30,17,49,31,20,66,29,65,73,13,39,0,30,74,18,0,45,0,75,49,96,80,11,44,0,0,50,68,74,10,83,60,0,0,11,52,0,4,29,4,16,23,24,0,0,32,8,32,52,0,31,0,33,32,77,69,45,34,100,0,50,59,0,4,21,61,3,24,45,0,38,12,18,23,30,0,0,73,59,73,35,0,64,80,57,41,49,10,33,0,34,35,0,27,34,0,35,64,0,24,41,9,50,38,0,100,89,0,7,0,53,35,36,52,60,32,57,74,0,29,18,3,51,34,66,0,44,11,0,42,43,33,18,85,68,0,0,25,81,67,47,0,33,50,64,0,100,50,76,99,12,0,10,0,31,56,62,24,0,37,19,0,38,16
2019.7.28,11,56,31,0,60,22,66,0,20,0,0,0,47,0,100,70,51,42,0,100,20,46,0,20,100,93,87,23,0,0,0,54,0,64,0,3,43,90,8,25,0,100,27,76,56,68,44,8,95,59,67,22,0,54,34,0,71,32,55,0,28,100,41,17,68,56,11,73,100,21,0,0,0,72,55,0,32,36,100,6,63,26,0,73,94,60,34,32,23,22,31,60,0,16,31,59,0,17,100,25,92,52,61,24,41,63,37,15,65,60,39,59,18,100,60,10,37,25,21,13,80,82,37,71,64,45,22,0,70,35,28,0,44,38,57,50,38,20,11,43,68,77,56,25,9,41,11,57,1,47,34,65,83,38,63,28,21,41,50,42,75,2,31,56,35,75,0,61,20,19,63,28,10,100,44,54,50,23,40,0,48,58,55,8,45,0,70,30,16,68,11,75,45,59,46,63,37,12,60,79,0,0,11,41,0,0,15,4,20,10,28,0,0,42,7,0,39,32,15,35,41,29,52,23,76,45,95,56,76,86,0,6,43,65,3,27,11,0,66,23,47,29,0,53,0,92,0,37,12,81,79,56,28,42,49,13,46,21,0,47,0,29,69,0,0,37,0,25,46,4,70,0,0,45,36,55,20,0,0,39,0,52,0,32,31,26,0,58,13,3,52,34,56,0,100,28,37,100,54,100,28,82,100,0,35,25,27,51,73,0,25,0,78,38,0,51,39,100,18,0,10,0,19,0,0,0,0,19,22,0,0,0
2019.8.4,10,70,10,13,54,37,25,0,83,0,36,0,73,0,35,34,100,31,46,32,10,53,32,70,49,81,42,68,57,0,0,100,0,25,0,10,21,78,2,26,39,70,27,99,18,66,29,4,71,44,58,0,48,59,33,0,45,0,47,0,27,49,24,22,72,0,65,53,0,0,0,21,0,70,76,61,31,71,71,3,31,43,0,78,99,71,100,26,45,41,24,46,0,31,0,34,0,68,0,25,82,100,54,47,26,61,36,16,82,63,19,57,17,80,0,7,36,24,13,12,91,97,39,34,40,57,53,0,50,31,52,0,71,85,64,37,0,83,22,40,66,100,57,41,12,60,21,0,1,0,33,64,40,56,75,27,8,40,37,58,43,2,100,53,57,73,0,12,47,34,56,31,29,65,29,60,44,21,62,0,47,70,54,4,48,0,80,34,31,87,21,100,65,0,71,70,0,17,59,63,0,0,41,60,0,0,14,2,22,25,14,0,0,36,13,0,52,32,30,34,8,42,29,0,29,29,52,0,49,75,0,12,63,67,3,22,50,0,37,22,40,23,59,51,0,57,0,71,23,0,100,29,0,20,91,16,13,14,0,34,0,25,100,0,51,18,51,42,41,2,54,28,0,44,52,0,65,55,52,49,35,64,29,28,15,31,0,86,13,7,38,0,73,0,55,38,72,61,42,32,29,85,67,0,69,59,40,33,29,100,0,49,100,0,98,100,57,0,34,0,9,56,26,0,0,0,0,24,100,0,37,24
2019.8.11,11,83,20,74,65,27,54,0,37,0,35,0,70,0,13,33,0,33,22,0,28,41,31,77,47,91,61,55,28,16,0,80,0,48,41,5,33,60,6,33,57,57,26,94,9,17,42,4,76,51,83,42,0,17,32,0,26,30,78,45,30,27,100,54,53,0,31,26,47,98,100,41,0,54,84,0,50,85,50,8,15,100,0,72,81,74,32,23,22,26,18,56,0,0,44,33,51,16,0,35,84,98,47,31,64,59,26,14,61,49,18,0,23,50,38,5,29,20,16,12,100,98,34,100,77,40,0,37,72,37,28,0,50,53,61,77,36,37,32,27,51,97,69,39,13,48,20,36,1,22,40,0,31,36,92,0,6,100,67,44,69,4,87,0,33,72,13,46,17,25,100,23,28,42,56,58,47,33,52,0,34,66,87,11,30,49,66,56,60,87,20,81,42,0,49,78,0,25,35,44,32,0,80,39,0,0,0,3,20,61,13,0,0,55,12,0,100,0,58,33,31,48,49,22,64,51,44,0,60,48,0,0,56,54,3,22,11,0,80,22,33,33,57,50,49,58,0,52,11,50,75,46,54,52,100,32,12,47,33,100,34,15,65,0,50,26,0,41,44,2,86,18,0,32,50,0,57,53,100,47,0,37,100,36,30,45,0,69,10,3,25,0,66,0,87,100,68,53,51,47,22,78,73,0,100,41,44,34,56,0,16,47,90,18,0,0,36,0,16,0,9,0,22,0,58,0,0,29,20,0,70,76
2019.8.18,5,52,19,0,70,23,49,0,60,0,34,0,17,0,26,64,0,18,0,0,18,38,40,57,45,44,40,43,27,0,0,75,100,35,40,3,13,46,2,23,46,66,46,79,17,45,34,5,56,27,53,21,0,39,15,0,43,89,25,0,35,19,15,37,31,0,0,25,30,19,0,40,0,53,36,0,19,66,92,0,43,32,0,48,71,58,0,17,0,20,52,35,0,0,28,29,49,0,0,19,91,95,36,37,25,25,9,33,80,57,12,54,33,27,37,0,11,31,8,6,93,91,48,0,65,23,10,0,35,36,23,0,58,29,45,69,35,60,21,41,58,88,49,31,16,100,19,35,1,0,39,0,53,35,58,26,4,41,81,41,70,0,66,51,54,70,13,79,20,31,54,18,37,71,27,60,71,9,29,47,22,47,51,0,37,0,64,9,59,98,20,50,20,0,42,77,0,13,62,55,21,0,11,95,0,2,61,3,5,56,22,40,0,53,5,0,48,0,43,95,15,60,20,21,35,32,55,0,93,55,0,6,39,25,4,30,31,0,35,74,22,11,28,0,0,37,0,100,64,74,66,24,52,63,59,6,12,39,32,43,100,13,79,0,0,34,48,28,32,4,77,26,0,41,71,0,31,0,0,28,33,48,56,30,48,97,0,94,7,11,48,15,95,0,44,82,0,39,20,0,32,77,68,0,0,92,51,42,60,0,15,46,75,35,0,0,0,0,16,0,0,0,32,53,0,0,0,29,14,0,0,30
2019.8.25,5,66,19,12,58,44,44,0,55,0,0,0,78,0,0,81,71,21,0,31,0,40,20,85,46,48,40,65,27,0,0,73,0,41,0,8,13,46,4,33,28,74,100,86,9,23,27,17,82,30,93,0,0,28,23,0,48,89,38,87,35,17,76,84,42,0,41,25,0,58,0,0,0,13,72,0,10,33,43,3,15,57,0,29,62,59,0,22,21,28,46,32,0,29,29,19,0,64,92,16,76,48,46,38,100,25,17,30,69,31,0,41,33,44,37,12,34,34,55,0,94,92,29,0,65,16,50,0,47,82,34,0,52,26,68,64,52,55,21,31,100,77,46,100,11,97,29,35,2,0,16,0,46,0,64,0,10,38,62,20,78,0,28,0,43,0,39,11,26,49,53,24,9,77,14,50,55,68,29,0,28,50,68,11,71,0,74,9,44,100,0,76,20,0,37,79,34,16,49,77,41,0,19,29,0,0,40,1,6,80,16,0,22,24,9,0,36,0,43,0,23,53,48,21,35,32,87,51,82,39,0,32,49,32,3,62,31,0,79,54,55,27,28,0,0,34,0,67,65,50,68,33,0,13,54,15,36,7,0,22,34,27,48,0,96,25,0,45,38,2,69,17,0,62,82,0,19,52,0,21,0,36,28,24,34,59,0,27,9,2,24,0,100,0,55,51,34,38,20,15,23,64,68,0,0,41,38,39,44,95,0,46,47,0,0,0,71,0,27,0,9,0,43,0,58,0,0,35,11,0,70,30
2019.9.1,5,35,0,0,43,56,61,0,29,0,66,52,49,0,0,92,45,28,21,29,26,35,57,72,0,61,38,51,52,0,0,66,0,11,37,3,37,26,4,37,35,53,48,70,16,38,35,6,51,50,50,0,0,37,15,67,31,28,18,41,22,13,50,100,45,99,59,56,0,37,0,19,46,50,69,0,28,79,71,0,14,31,33,79,66,56,89,18,61,63,38,44,0,0,0,37,47,46,0,28,80,91,54,100,24,47,16,26,85,72,64,64,18,52,35,13,22,32,26,11,78,100,31,0,62,17,47,34,45,91,30,0,64,40,93,60,33,29,60,34,91,62,62,66,15,63,19,100,1,40,30,57,44,50,37,25,6,48,85,45,48,0,36,73,21,66,37,33,32,19,57,17,27,68,26,67,92,86,14,46,42,50,33,0,40,46,85,35,42,76,19,48,29,0,28,88,0,15,46,49,49,0,59,27,0,3,45,3,14,79,15,0,21,28,9,28,46,28,41,0,51,45,38,20,27,65,21,0,100,52,0,68,47,27,3,59,40,0,41,41,78,15,27,46,0,45,0,64,31,47,44,29,0,61,61,26,40,44,0,21,0,36,30,0,46,32,46,59,25,2,72,33,0,49,78,49,53,0,47,27,0,46,26,17,37,56,0,38,10,4,23,15,45,0,53,44,64,29,19,0,29,67,55,0,62,75,54,25,23,0,15,0,52,100,0,45,0,0,26,0,17,0,78,0,0,0,0,33,11,0,99,64
2019.9.8,10,100,25,100,67,21,79,0,50,0,0,0,54,0,14,67,49,77,23,32,0,40,52,79,48,50,83,22,28,0,0,50,0,43,0,3,14,71,17,48,57,52,37,60,9,18,35,4,77,23,100,0,48,35,0,0,26,46,40,0,21,20,24,88,54,0,43,35,32,0,0,0,100,55,85,0,0,34,77,3,46,34,36,43,100,55,65,19,44,100,24,85,73,15,30,47,0,84,0,55,68,50,70,86,39,78,54,24,82,73,19,56,26,62,38,7,18,62,17,12,79,93,44,0,73,30,10,56,31,89,33,0,63,44,47,72,0,50,22,34,65,74,49,24,13,55,10,36,2,22,66,62,64,37,27,0,4,69,81,28,77,2,39,53,23,0,14,47,100,13,61,28,58,48,71,66,31,100,76,100,46,48,18,11,30,0,65,43,15,68,31,43,32,0,52,87,35,12,43,75,22,66,100,50,0,5,35,3,13,100,17,0,22,35,18,62,50,31,60,67,63,34,33,0,44,57,34,0,61,16,0,100,51,41,100,48,33,0,18,100,91,28,0,0,100,100,0,70,67,0,71,30,27,27,74,32,19,27,100,0,0,35,33,0,100,26,100,35,38,0,65,36,0,64,63,0,84,0,51,56,0,25,29,22,15,46,0,84,11,2,99,16,68,0,46,70,0,35,0,16,16,82,90,0,34,100,52,21,29,0,32,0,49,18,96,49,0,0,17,0,9,0,100,55,60,0,52,60,9,0,72,62
2019.9.15,13,85,9,34,48,14,67,0,46,12,0,0,33,0,19,63,91,69,0,29,35,30,19,100,0,64,57,52,26,30,0,78,0,35,0,6,62,66,13,24,36,58,41,69,33,33,59,4,59,33,56,0,0,21,0,100,24,28,61,0,36,14,36,86,45,0,39,24,0,56,0,0,46,51,49,0,46,31,65,5,21,39,99,34,64,57,0,11,0,71,44,30,0,0,41,34,0,31,0,64,54,0,39,78,36,56,16,39,92,56,6,52,16,52,35,18,11,30,19,6,88,85,37,62,39,25,49,35,45,90,34,0,72,28,58,100,34,46,100,40,64,68,60,52,17,54,37,0,1,0,23,0,51,85,12,0,4,64,56,35,73,2,18,50,42,0,50,22,43,17,56,26,27,69,13,80,65,70,42,0,16,40,32,0,100,46,80,31,56,90,38,45,0,0,22,92,33,15,46,78,0,0,50,100,0,0,13,3,4,59,28,0,0,14,7,0,23,0,0,0,51,28,27,20,27,57,16,0,67,30,0,29,28,36,13,26,20,0,42,20,47,21,27,47,47,41,0,0,51,97,56,26,100,43,94,6,23,25,0,31,0,24,30,0,0,41,47,38,36,6,81,76,0,40,100,49,100,0,47,34,32,92,40,37,19,42,0,52,100,2,46,30,99,0,39,69,0,46,0,15,16,69,46,0,31,33,54,30,26,0,15,0,36,17,88,45,68,89,10,0,0,0,89,50,55,0,0,28,11,0,33,100
2019.9.22,11,63,28,35,44,23,100,0,64,12,33,0,17,0,25,62,0,28,21,0,0,33,47,99,0,58,58,41,0,15,0,71,0,23,0,6,50,65,8,23,35,42,28,61,0,16,29,7,56,43,56,20,0,32,15,0,38,28,42,0,26,9,51,70,75,0,29,56,0,28,0,19,0,13,59,0,37,0,41,5,14,39,100,43,82,57,0,16,0,48,38,75,0,14,41,43,0,15,0,45,54,45,54,50,71,79,91,50,68,45,12,51,19,36,70,9,11,43,23,17,68,96,31,31,49,7,0,0,85,52,19,0,71,55,72,83,100,64,81,47,48,80,100,22,18,39,37,33,1,0,46,0,44,100,49,0,4,63,77,39,51,0,90,97,41,0,62,98,40,30,39,37,9,78,26,67,24,46,84,0,100,28,33,3,36,46,86,9,14,58,28,36,0,52,28,85,33,6,27,57,20,0,36,82,0,0,13,2,10,60,6,0,0,19,8,28,69,28,41,61,36,28,26,61,40,57,26,49,45,15,0,7,33,36,6,31,30,0,58,20,26,10,27,0,0,22,0,64,10,47,71,25,25,91,64,21,81,100,0,73,0,78,45,0,31,73,46,48,26,6,72,59,0,59,42,49,30,0,0,48,64,34,53,23,14,37,0,39,32,0,23,15,75,0,56,54,0,28,19,0,27,69,46,96,0,25,48,40,38,0,15,44,14,34,0,0,34,0,10,97,8,0,65,0,0,0,0,11,12,0,100,100
2019.9.29,12,85,28,12,40,31,98,0,23,0,67,0,42,0,26,62,0,46,42,0,9,35,19,45,44,55,58,82,0,0,0,50,0,56,38,31,100,54,6,100,44,27,39,99,33,33,55,6,79,31,63,100,0,22,30,34,31,43,49,0,33,7,88,81,71,100,20,16,0,28,47,78,0,63,35,56,9,0,42,5,42,16,0,65,87,54,61,20,20,31,33,39,0,14,28,28,0,0,0,38,52,46,35,36,24,0,100,43,72,52,18,0,27,16,71,9,43,65,30,20,57,97,62,32,57,23,10,69,63,40,25,0,100,37,36,78,0,23,30,52,64,34,65,59,22,33,28,67,2,20,38,0,67,34,49,100,9,60,59,33,68,2,36,0,42,0,38,66,34,100,38,25,36,49,26,58,69,41,42,0,21,46,49,21,56,0,55,26,100,60,19,48,19,0,52,90,0,14,34,65,0,0,31,83,0,0,59,5,9,77,12,0,0,5,7,29,70,28,83,0,22,26,53,21,33,61,21,99,34,23,0,4,57,43,5,25,30,0,33,41,73,21,27,0,0,31,0,48,31,0,62,33,0,49,66,33,99,38,0,21,0,71,76,0,0,40,46,22,33,8,100,76,0,69,53,0,18,0,47,24,33,69,0,28,19,71,0,52,17,4,69,15,88,0,42,84,0,30,38,15,13,61,75,0,31,6,48,20,30,0,15,45,33,34,89,45,34,0,16,0,9,0,76,0,0,21,48,28,13,0,34,50
2019.10.6,13,28,9,23,38,34,53,0,64,0,100,53,100,0,13,31,46,20,42,0,9,35,38,82,44,31,19,72,26,45,0,57,0,57,38,13,69,59,5,75,53,35,22,67,17,11,33,3,67,29,53,40,0,27,15,0,19,57,0,42,34,5,44,71,50,100,49,73,30,37,47,98,0,13,79,0,38,0,24,8,63,47,0,22,64,55,30,27,41,40,39,28,0,14,55,34,96,15,0,33,66,46,45,36,72,32,17,32,61,55,12,26,11,26,0,7,33,41,23,14,96,47,51,32,55,15,38,34,57,33,25,0,69,59,65,72,67,64,10,49,40,74,50,30,36,33,9,34,2,21,46,0,74,0,49,0,4,52,74,63,40,2,73,0,63,0,63,99,25,68,29,22,9,49,26,64,57,46,56,0,21,52,0,10,56,0,62,31,28,52,10,33,20,0,42,92,33,15,47,70,20,0,28,37,0,1,13,3,19,65,12,39,0,9,11,0,46,43,83,31,44,23,30,82,27,70,52,50,79,45,0,7,67,28,4,29,30,0,17,51,52,47,40,0,0,60,0,98,41,0,56,38,0,31,54,6,41,6,0,10,0,61,46,0,0,57,46,16,26,6,71,67,0,60,68,0,0,100,47,28,0,58,27,26,23,56,0,0,12,4,80,15,54,0,39,94,0,31,0,30,20,59,52,0,0,20,55,30,42,0,37,45,27,51,0,0,86,0,26,98,0,0,35,51,0,0,48,28,7,0,0,65
2019.10.13,9,77,9,23,28,22,33,0,57,0,33,0,57,0,13,0,0,59,41,29,0,34,19,81,43,76,0,41,26,29,95,41,0,44,0,9,56,98,2,52,35,40,33,63,0,11,52,3,73,31,43,0,0,11,29,0,19,56,18,62,30,14,57,40,35,0,19,96,0,19,0,19,0,50,49,55,19,32,23,8,42,16,66,43,85,48,30,16,0,40,0,22,0,0,54,30,0,15,0,20,77,0,29,50,0,63,33,45,69,55,11,77,26,46,0,13,22,41,23,6,76,37,42,0,44,10,0,0,89,50,21,0,45,46,50,28,66,57,10,36,83,45,50,29,100,30,9,66,2,0,83,56,51,33,25,49,7,66,63,50,39,3,27,0,21,66,12,54,11,19,36,18,9,34,77,51,48,36,35,45,47,51,81,17,24,0,77,17,14,77,28,51,39,0,38,92,33,5,66,73,0,0,23,36,0,0,64,100,33,47,6,0,41,9,9,28,69,56,95,30,72,24,60,40,40,100,26,0,44,60,0,4,38,24,5,26,65,0,58,20,52,5,27,0,0,71,0,0,31,0,77,33,25,36,42,12,23,12,30,31,0,40,61,0,0,81,46,16,28,4,72,92,0,39,84,48,0,0,0,24,32,69,0,6,14,32,0,26,9,4,23,0,53,0,63,59,48,31,0,44,18,68,69,95,0,11,42,27,41,0,44,0,24,17,0,44,0,88,16,0,8,0,68,0,0,0,47,28,9,0,33,21
2019.10.20,9,77,18,11,44,31,53,0,81,0,0,0,41,0,44,31,45,54,21,59,17,29,28,54,0,39,38,82,0,15,0,69,0,22,37,7,37,100,47,45,18,36,24,59,8,22,42,6,61,26,53,20,44,16,15,0,34,28,36,41,27,10,22,55,40,0,20,80,29,0,0,77,46,25,59,0,65,31,53,5,28,23,0,49,73,58,0,27,0,31,66,8,66,0,82,37,0,0,0,28,55,0,39,36,47,55,8,91,53,45,0,26,34,42,0,4,11,51,8,25,80,34,44,0,44,10,38,34,39,33,22,0,62,34,100,71,33,81,10,48,56,51,46,37,83,36,19,66,1,0,30,57,66,0,49,0,7,54,99,58,58,2,27,48,52,0,37,11,19,50,25,27,36,73,65,67,64,37,35,0,42,58,0,21,40,0,92,26,56,91,19,39,19,0,38,89,33,6,86,69,0,30,9,27,0,2,26,8,14,52,12,0,0,9,8,0,35,42,55,0,36,26,53,0,33,30,41,49,100,75,0,4,33,32,4,31,60,0,17,41,88,15,0,0,46,58,0,0,62,0,71,20,0,30,52,18,81,6,0,42,0,29,91,0,61,16,91,27,33,8,87,100,0,29,42,49,0,0,0,14,64,57,27,34,37,51,96,90,9,5,45,15,87,0,39,10,32,33,0,15,12,60,51,0,31,20,30,35,23,0,59,89,31,17,89,45,51,0,10,0,17,51,38,0,0,21,48,17,11,0,0,21
2019.10.27,9,78,28,0,50,17,45,0,46,0,0,0,33,0,25,31,0,49,42,0,35,30,19,64,0,62,77,62,26,15,0,60,0,45,0,10,38,52,100,38,27,35,19,100,8,44,85,5,67,31,50,20,0,32,15,0,56,29,18,42,26,3,58,35,55,50,20,16,0,0,0,78,46,26,79,0,19,0,41,18,14,31,0,34,64,55,30,17,20,34,66,8,0,14,82,22,48,0,0,20,73,69,25,50,96,32,17,32,68,100,0,26,19,47,0,9,22,47,15,100,88,29,41,31,44,17,29,0,23,33,35,0,67,65,94,72,34,46,20,48,16,40,53,59,45,64,38,85,2,41,61,0,74,34,80,0,0,43,75,44,58,2,0,49,0,0,13,22,28,26,27,16,18,84,13,74,49,39,28,0,27,56,49,38,40,48,64,17,0,69,9,43,0,0,44,97,0,8,100,86,20,31,6,46,0,0,59,3,23,56,9,0,0,9,8,0,35,0,69,92,44,27,42,20,54,40,37,74,56,75,100,11,52,40,3,23,20,0,50,20,100,21,27,0,0,88,0,32,31,47,78,43,25,37,49,15,35,13,0,42,0,29,0,0,0,41,69,16,46,8,58,59,0,60,79,49,24,50,0,20,0,94,27,17,23,42,0,52,13,2,80,30,62,0,28,20,32,35,38,44,11,63,47,96,63,11,24,40,31,0,37,89,22,34,0,45,51,89,37,0,17,51,34,0,0,0,48,39,7,0,0,14
2019.11.3,5,84,64,57,35,17,58,0,34,0,0,0,49,0,6,46,0,73,41,0,17,32,38,36,0,27,38,40,51,29,0,53,0,11,0,9,37,41,34,31,35,23,24,88,57,32,38,2,77,33,43,0,43,26,29,0,29,0,18,62,31,13,50,54,74,0,48,71,0,64,0,96,0,37,48,54,46,94,35,5,55,46,0,42,63,51,0,12,100,32,32,8,0,0,54,24,0,0,0,14,87,45,39,35,35,62,33,25,72,77,0,26,21,31,69,0,21,32,15,36,47,29,29,31,51,32,19,34,50,61,23,0,74,49,28,49,0,34,20,33,67,39,46,22,30,53,18,33,1,0,45,0,44,0,61,49,7,48,69,49,57,0,36,0,41,66,12,32,23,31,25,17,18,58,64,72,47,22,28,0,31,37,81,24,39,46,87,26,70,64,9,56,0,0,26,97,32,8,85,64,39,0,14,54,47,1,13,3,16,65,30,0,0,18,13,28,45,56,95,0,36,32,45,61,20,34,31,49,44,44,0,5,33,35,4,20,30,0,66,0,41,20,26,0,45,100,0,64,91,0,59,47,50,24,49,12,51,25,30,51,0,24,30,0,30,96,0,16,23,15,67,17,0,39,72,48,0,0,0,40,0,45,39,17,32,28,0,25,34,11,22,29,41,0,24,24,32,33,0,29,19,84,69,0,0,14,60,54,30,0,29,88,26,17,0,45,34,0,36,0,13,0,27,100,0,0,47,5,8,0,0,28
2019.11.10,11,48,45,34,49,33,35,0,79,12,97,51,49,0,12,30,44,58,41,0,17,24,37,35,43,42,94,100,38,44,0,69,0,22,37,6,0,55,26,23,43,26,24,61,24,48,25,11,62,23,40,19,0,10,14,0,68,28,0,0,39,7,64,59,34,97,67,71,0,18,0,19,0,25,43,0,37,31,64,10,55,23,0,39,87,50,29,18,59,34,54,8,0,14,54,27,0,30,0,18,69,0,48,14,23,31,16,31,71,64,11,51,16,36,0,4,16,100,30,19,71,30,42,31,68,12,28,100,33,46,23,0,38,30,28,32,49,79,20,35,66,56,38,72,27,44,46,65,1,20,59,0,58,33,72,0,4,41,58,47,54,2,18,0,40,65,49,32,17,24,28,18,35,67,13,72,43,20,48,0,52,50,16,64,8,0,84,21,55,59,9,44,19,0,25,100,64,7,52,60,0,30,12,63,0,0,76,5,23,47,18,0,0,5,17,28,56,28,27,60,100,25,44,100,46,26,25,48,22,29,0,0,28,28,3,25,39,0,49,60,87,15,39,0,0,67,0,0,20,46,62,35,0,66,48,17,57,18,30,10,31,20,45,0,0,39,0,42,28,13,83,90,0,48,51,0,0,0,46,23,32,34,39,19,18,46,0,50,42,7,22,15,53,0,34,24,0,32,0,14,12,95,67,93,30,5,47,24,52,0,100,43,14,16,0,0,33,0,25,0,0,99,53,73,54,0,0,5,11,0,32,21
2019.11.17,6,76,27,0,42,52,57,0,67,30,0,51,48,0,43,60,44,69,40,0,42,18,37,62,43,21,56,60,38,0,0,57,0,44,55,6,24,59,12,32,0,28,27,63,24,42,28,6,55,28,39,19,0,31,0,0,49,83,47,82,39,6,42,79,44,48,38,39,0,36,0,38,0,49,48,0,100,61,23,15,14,30,0,48,64,45,0,24,59,48,86,8,0,27,13,42,92,30,0,11,94,0,38,28,23,46,32,30,64,53,17,25,8,51,0,7,21,90,29,19,85,29,36,0,48,10,47,33,49,20,27,0,58,57,98,75,33,67,29,26,31,55,43,36,14,53,9,33,1,100,44,55,50,0,60,48,7,71,61,36,46,2,18,94,61,64,48,11,38,24,23,15,60,43,25,59,55,12,34,0,26,58,48,100,27,0,86,17,69,77,28,38,0,0,41,86,0,6,77,64,78,0,8,18,0,3,25,1,16,32,18,0,20,9,18,0,0,56,40,89,99,20,30,40,26,30,10,0,33,22,0,5,37,28,4,20,29,74,49,20,76,30,0,45,0,45,0,32,100,0,79,38,73,48,44,11,23,0,0,10,0,31,30,0,30,24,0,26,32,77,83,65,0,38,41,0,6,48,0,13,31,67,26,11,49,32,0,75,15,5,100,14,44,0,14,34,0,32,18,14,15,68,59,0,0,5,29,32,41,0,29,87,21,0,0,44,0,0,87,0,17,100,30,49,0,0,0,16,9,0,0,0
2019.11.24,8,54,57,22,37,100,51,0,89,100,95,100,63,100,42,30,44,46,100,0,100,25,18,35,42,20,55,29,87,100,0,40,0,27,54,8,18,58,14,30,0,16,21,78,31,21,50,5,59,43,28,19,42,26,14,0,69,68,29,100,100,13,76,48,62,47,47,100,28,35,0,19,0,24,42,0,90,61,51,2,40,30,0,44,77,44,0,11,19,76,100,5,0,13,52,47,46,15,0,19,100,44,76,82,23,30,24,31,83,75,22,62,28,35,0,6,10,49,54,11,68,29,25,30,59,14,27,33,22,23,27,0,33,62,34,48,32,89,10,32,92,33,44,49,25,63,9,32,1,0,29,0,71,48,100,24,0,37,64,56,66,2,26,0,20,0,36,31,29,10,36,19,17,66,0,64,46,11,27,44,10,34,31,49,34,0,74,8,68,64,45,35,0,50,39,77,31,4,38,71,19,0,12,79,46,1,74,5,100,55,100,0,40,9,34,0,67,81,53,0,56,31,33,20,58,25,20,0,32,22,0,0,18,25,13,16,34,0,32,10,75,10,38,44,0,29,100,31,30,45,49,46,0,41,45,17,100,0,0,40,0,23,44,0,30,46,44,88,17,68,93,56,60,19,40,0,11,0,0,78,62,55,26,14,27,89,0,50,18,100,33,29,64,0,34,14,0,27,0,0,14,55,75,0,0,8,23,47,33,0,35,43,36,16,0,43,65,0,100,0,8,49,26,0,0,100,0,5,8,0,32,14
2019.12.1,15,54,53,11,35,44,91,0,62,53,96,50,16,0,12,30,87,47,40,0,42,24,28,44,85,38,0,40,100,29,0,54,93,11,37,84,36,83,18,31,17,24,25,75,0,63,28,6,73,41,41,0,42,5,21,0,100,54,41,81,62,9,91,58,78,0,29,39,28,53,0,56,0,97,33,0,18,31,40,8,54,30,0,50,86,62,0,13,39,38,58,19,64,0,53,45,0,0,0,18,71,44,100,62,23,53,8,34,76,48,11,100,64,50,34,15,100,62,33,8,79,29,25,0,47,10,28,33,44,30,8,0,44,68,76,37,0,62,19,32,69,99,43,35,21,46,0,32,1,39,51,0,50,97,53,48,0,46,75,44,54,2,26,0,100,0,12,21,29,30,21,13,26,47,38,80,27,21,20,0,15,43,63,63,12,45,100,8,27,80,64,44,0,0,46,73,0,13,45,79,19,0,6,44,0,2,31,3,25,48,21,0,100,0,100,0,0,27,40,0,56,22,47,0,51,38,30,47,75,29,0,3,100,27,5,21,34,73,64,0,50,10,26,45,0,47,0,78,70,0,69,60,24,71,48,14,78,0,0,61,31,23,73,0,0,47,0,42,36,54,76,49,82,76,66,47,6,0,0,16,62,100,0,14,40,45,0,87,13,23,77,14,72,0,34,19,31,35,73,14,20,53,76,0,0,5,17,29,80,0,64,86,27,16,0,43,49,0,30,0,8,0,59,0,53,40,46,27,27,94,32,28
2019.12.8,100,27,35,0,33,48,55,0,77,58,31,49,39,0,0,88,43,32,0,28,25,19,72,0,0,32,18,59,97,28,91,38,91,37,35,100,12,84,9,26,17,16,14,63,8,47,52,3,63,56,21,19,42,30,14,32,41,80,17,78,38,9,89,71,100,47,19,30,28,61,0,37,0,35,61,0,27,60,6,5,26,29,0,55,65,64,0,35,58,40,47,8,94,27,0,61,0,15,0,13,72,86,56,41,68,37,16,30,61,38,6,0,63,30,33,8,41,81,18,8,90,24,32,30,46,12,27,32,70,39,29,0,61,23,47,63,63,77,38,28,53,81,48,55,28,28,18,0,2,0,58,54,63,48,35,24,5,43,80,49,63,100,17,0,0,0,12,41,20,20,20,28,25,42,37,88,38,16,46,0,25,45,47,33,26,0,85,91,40,88,63,28,37,50,38,74,0,13,38,92,19,0,7,43,45,0,86,2,10,36,14,37,79,9,29,81,65,53,13,0,42,27,79,0,57,16,30,70,42,42,0,3,67,30,4,14,38,0,24,0,69,15,25,0,0,50,0,61,49,0,60,45,0,40,60,6,60,0,29,0,31,32,29,0,0,76,0,20,47,62,78,71,60,19,64,47,0,0,0,16,0,76,0,19,22,44,0,61,8,7,97,14,79,0,27,28,0,31,0,0,12,48,31,0,30,16,51,79,39,0,42,42,22,0,0,42,81,0,30,0,100,0,39,48,0,0,0,37,11,0,0,27
2019.12.15,58,64,29,21,40,31,51,0,100,17,30,48,23,0,29,28,41,60,19,0,0,23,35,33,40,11,17,84,24,41,0,47,87,26,35,58,17,62,9,27,24,21,16,66,7,35,32,4,65,30,27,18,0,73,0,0,35,39,33,95,29,7,46,55,91,0,89,37,53,42,43,35,42,58,76,100,17,58,48,5,25,57,0,39,69,54,27,39,0,36,55,13,61,25,25,33,0,14,0,20,59,42,58,33,65,29,30,19,85,58,0,24,72,33,0,6,10,62,21,10,87,29,42,0,45,11,9,0,31,47,24,0,37,25,33,65,30,100,27,53,58,57,42,27,22,57,9,91,1,0,34,52,47,61,34,22,3,47,91,41,61,11,33,0,28,60,23,40,21,49,33,24,24,67,71,96,29,12,25,0,53,45,44,47,18,0,78,12,13,81,69,44,18,0,58,76,30,11,24,89,18,0,11,33,43,2,65,3,12,36,14,0,19,8,28,0,0,64,25,84,99,32,21,56,61,20,19,0,61,41,0,3,86,30,4,100,18,68,30,0,43,56,24,0,0,47,0,59,56,0,40,45,23,56,36,16,32,0,0,28,58,26,41,0,28,74,0,20,42,49,62,15,0,36,33,0,0,0,43,65,0,21,24,18,29,34,0,23,9,6,31,41,41,0,29,27,29,47,17,40,10,43,46,0,0,5,38,54,72,0,33,40,15,15,0,41,31,80,42,0,57,46,49,0,100,0,0,35,10,0,0,13
2019.12.22,28,75,13,0,57,46,51,0,89,24,32,0,48,100,24,0,44,47,20,57,33,48,18,44,42,29,74,69,50,14,0,60,0,16,73,22,12,56,16,35,34,28,12,86,24,52,100,4,78,41,45,0,0,41,14,32,23,96,12,60,48,13,97,24,72,0,38,39,0,45,0,37,0,85,66,0,18,92,28,10,34,30,0,56,84,69,0,29,19,70,21,5,63,27,26,59,0,0,0,16,73,0,47,48,46,38,40,19,73,46,22,25,74,85,0,13,16,63,11,19,62,32,40,60,57,7,37,33,38,33,34,0,41,53,62,32,32,89,29,100,58,44,47,43,18,52,18,64,1,0,73,0,28,97,12,0,4,49,64,29,78,8,61,47,30,0,12,21,15,40,41,34,34,80,100,46,43,23,74,0,61,56,94,20,15,0,100,25,14,66,100,55,0,100,46,79,32,9,51,55,0,0,12,79,0,1,100,2,11,33,6,0,0,9,25,82,33,27,13,0,98,100,55,20,26,42,40,0,54,14,0,3,36,31,4,53,14,0,96,10,60,10,0,0,0,66,0,63,39,0,79,46,0,29,51,11,39,0,0,30,0,15,29,0,30,39,44,31,37,79,59,57,61,38,66,0,11,48,0,49,0,90,51,27,36,31,0,50,8,5,66,100,52,0,27,28,0,42,0,57,12,74,49,0,0,13,35,43,69,0,42,43,23,32,85,0,65,0,20,0,32,0,29,97,0,20,91,21,7,0,64,14
2019.12.29,21,20,40,11,92,81,72,0,89,23,64,50,40,100,12,0,0,62,40,0,33,36,45,52,0,35,55,78,25,14,0,43,0,32,72,11,12,65,16,35,34,13,21,96,16,52,49,7,75,21,57,57,0,20,42,0,28,54,29,40,46,7,83,29,43,47,38,46,0,53,0,0,0,24,71,0,81,60,68,12,27,15,0,38,54,66,0,33,19,58,42,11,63,13,26,44,46,0,0,20,79,87,28,83,68,30,32,35,77,39,17,50,81,35,100,11,16,59,40,16,71,31,43,30,37,14,36,0,70,30,27,0,64,38,48,42,32,89,39,43,49,44,56,28,31,43,27,32,1,0,22,0,35,64,23,0,3,75,60,29,72,3,34,46,20,0,24,52,27,23,45,26,17,33,63,49,46,18,66,44,55,60,16,86,23,0,94,50,54,57,36,46,18,0,29,75,31,9,32,82,0,0,7,53,0,2,31,4,14,45,18,37,40,0,25,0,22,0,26,29,42,52,54,20,32,17,25,94,32,14,0,7,49,37,5,19,38,72,79,20,84,15,0,0,0,50,0,0,49,0,92,73,0,52,54,39,28,0,0,20,0,18,58,0,0,46,44,62,36,100,52,16,100,66,75,47,0,0,45,32,62,0,0,51,26,63,0,74,14,8,66,43,64,0,27,23,0,38,0,14,13,60,48,0,0,18,28,77,47,85,70,0,22,16,0,42,32,0,29,0,28,0,74,48,52,0,45,36,9,0,0,13
2020.1.5,29,56,24,30,42,96,39,0,61,27,29,0,36,0,11,27,60,23,37,26,8,35,33,80,0,38,50,27,46,78,84,58,0,35,100,8,11,37,10,21,16,17,26,79,14,43,40,10,69,29,60,17,38,23,13,0,25,25,32,0,67,5,44,44,48,0,26,43,0,81,41,17,0,22,47,48,57,0,21,16,25,55,29,43,58,73,0,37,18,41,19,5,58,25,12,46,0,13,0,32,70,40,26,63,42,28,43,13,71,48,5,0,100,41,0,10,10,84,100,10,74,25,37,27,82,0,17,0,35,30,18,0,30,43,25,39,29,61,79,51,32,30,44,19,27,50,8,74,2,54,33,100,65,59,16,43,5,45,62,32,62,7,48,43,27,0,22,29,20,34,27,100,23,52,11,51,50,57,18,41,37,75,43,66,21,0,89,23,50,46,8,32,43,0,43,76,72,16,47,54,35,0,7,88,0,2,29,2,86,41,24,0,0,4,20,0,41,25,72,27,6,51,100,18,53,35,18,43,59,40,0,3,37,50,4,22,40,66,37,45,28,36,35,41,0,92,0,28,36,0,49,33,0,54,55,10,97,5,27,9,28,21,54,0,0,21,0,100,37,39,69,29,74,35,37,0,5,0,41,30,28,20,23,22,24,20,0,46,11,13,30,39,55,0,22,13,28,31,0,26,15,44,20,0,0,7,37,72,87,0,13,39,27,15,0,60,45,0,37,0,15,0,36,45,0,18,0,29,9,0,0,0
2020.1.12,22,44,41,20,50,50,52,0,72,11,29,46,73,0,39,82,60,65,37,26,0,36,34,48,0,30,34,72,46,13,85,37,0,35,67,3,11,64,5,25,16,30,19,79,7,53,37,8,58,19,43,17,0,9,13,0,26,50,27,0,38,7,45,58,35,0,17,14,0,41,0,17,0,100,35,0,58,0,16,5,61,41,59,35,73,64,0,30,36,34,34,10,58,37,12,22,42,14,77,20,75,40,35,44,21,42,36,28,68,54,10,23,54,41,31,12,10,38,33,10,81,24,96,0,66,9,50,61,40,26,20,0,49,71,25,39,0,72,62,39,77,25,50,26,33,32,41,0,100,36,54,0,39,74,27,0,0,67,42,33,50,3,48,43,18,59,88,48,14,18,22,53,0,52,12,71,18,17,25,0,47,100,29,39,39,0,86,31,50,66,8,32,17,0,51,76,58,100,47,65,26,0,10,57,42,0,34,2,18,26,11,34,18,4,14,25,41,100,61,27,52,47,57,36,29,54,14,0,49,40,0,3,42,38,3,22,49,0,29,9,51,23,24,0,0,80,0,43,55,63,46,100,22,65,51,5,61,0,27,9,28,16,54,0,54,100,0,38,16,44,65,30,75,87,46,0,0,0,0,33,0,41,47,63,41,49,0,0,11,7,30,13,59,0,22,26,28,79,17,26,15,40,49,0,0,20,74,100,100,80,39,78,38,0,0,39,0,0,5,0,0,0,57,0,0,18,0,24,10,0,0,38
2020.1.19,22,61,35,33,70,51,61,0,55,12,31,0,87,0,0,44,43,54,40,0,0,31,18,60,42,35,73,59,49,14,0,41,0,43,72,3,0,58,11,29,34,25,18,80,23,57,46,5,77,45,34,0,42,15,28,32,46,27,17,60,37,9,82,48,48,0,19,15,56,26,0,55,0,96,51,52,53,45,28,15,13,81,0,47,87,65,0,36,39,28,37,16,0,13,0,38,0,15,0,15,71,0,23,48,23,53,16,20,72,55,28,37,60,40,0,26,31,51,11,11,80,23,100,30,44,2,100,0,43,20,25,100,71,53,41,32,0,55,48,51,64,27,48,14,21,34,18,64,11,39,22,0,42,32,12,24,4,40,74,47,58,7,26,46,0,0,24,21,29,26,17,38,25,42,25,49,38,18,40,0,50,69,31,23,34,0,63,17,27,47,9,20,19,50,45,70,0,7,44,78,0,0,12,43,0,0,31,1,14,36,9,56,20,4,17,0,44,27,91,0,35,46,54,39,32,46,30,47,74,14,0,10,36,32,4,23,24,72,72,0,65,15,25,44,0,55,0,0,29,45,45,37,0,52,64,14,28,6,0,30,0,14,43,0,0,31,0,15,53,48,63,40,40,47,35,47,6,47,45,29,31,33,0,22,40,44,0,49,8,2,33,14,43,0,20,19,31,51,0,14,10,45,35,0,0,16,40,73,69,0,28,0,20,0,0,0,33,0,0,0,8,0,43,48,0,0,0,5,5,0,32,27
2020.1.26,16,58,50,10,58,23,43,30,26,17,30,47,38,0,6,28,41,64,19,0,16,32,34,57,40,33,35,65,23,0,0,66,0,41,34,5,11,66,2,39,16,26,15,72,37,25,50,6,78,39,37,0,0,48,13,0,31,26,28,38,43,11,85,27,55,45,9,29,27,100,42,35,0,57,62,0,77,29,38,2,19,56,0,100,96,69,0,29,18,23,10,8,0,13,0,36,0,0,0,17,64,0,31,26,43,86,0,22,74,52,21,35,38,52,32,12,10,46,17,5,78,26,72,28,47,0,60,0,46,20,21,0,51,36,26,35,0,26,64,33,76,62,44,13,15,54,17,30,4,18,55,52,27,61,11,45,0,68,30,29,69,5,25,0,28,0,11,30,21,14,44,29,8,53,24,78,36,25,19,0,33,62,74,22,69,0,78,8,26,56,9,11,18,0,75,73,59,8,18,40,0,0,13,41,0,0,35,3,16,24,0,35,19,0,14,52,21,51,37,56,27,52,79,37,42,28,33,45,51,48,0,3,60,34,4,20,36,0,45,9,38,24,24,0,0,26,0,29,19,43,57,40,0,77,58,5,31,17,0,47,29,28,55,0,28,37,41,10,90,28,52,30,96,0,66,44,5,0,42,40,0,94,24,44,38,47,0,47,9,3,21,27,38,0,29,0,29,36,17,40,4,66,46,0,0,0,27,58,65,0,40,0,19,0,0,41,62,0,9,0,15,93,31,46,0,0,43,15,4,0,30,19
2020.2.2,18,50,61,10,47,20,59,0,76,11,0,93,80,0,0,27,40,50,18,0,23,23,17,32,39,27,17,36,23,0,0,50,0,40,67,9,16,62,6,26,23,24,13,59,72,38,23,5,82,36,37,17,38,33,0,30,30,0,54,37,34,16,64,53,18,0,17,28,0,49,0,17,0,56,86,0,25,28,16,2,12,41,0,51,75,58,0,18,18,30,39,7,0,0,0,38,0,14,78,10,69,0,39,19,32,84,22,24,65,42,10,23,56,37,0,24,14,57,7,5,94,27,77,0,39,7,51,0,35,28,33,0,42,46,63,54,0,76,35,32,46,60,40,26,15,61,25,0,2,54,47,51,19,30,33,0,3,37,82,48,55,0,32,43,0,58,22,19,17,17,36,19,23,56,46,48,21,20,18,0,56,59,14,30,25,0,84,27,12,57,25,53,0,47,69,76,29,8,59,54,0,0,15,24,84,0,34,3,8,35,5,0,0,8,13,100,0,0,48,0,19,37,97,0,100,27,32,44,69,46,0,3,25,25,5,22,53,100,88,36,23,18,23,0,41,35,0,43,54,0,52,23,0,32,76,13,20,5,0,37,0,18,27,0,0,36,0,19,54,51,51,15,56,26,51,0,5,0,41,30,0,81,0,40,20,53,0,34,8,2,40,0,62,0,9,17,28,42,17,26,9,38,69,0,0,7,37,30,46,0,71,39,23,15,0,0,60,0,5,0,7,0,30,44,0,0,0,43,5,0,0,19
2020.2.9,34,49,36,20,48,12,34,0,65,11,57,45,50,0,5,40,39,32,0,51,7,28,49,55,38,37,33,53,22,39,0,68,0,24,33,4,32,54,7,42,30,23,15,51,28,33,42,6,63,49,33,17,0,28,13,0,42,98,47,0,26,7,93,52,22,43,17,28,0,72,0,33,0,54,42,0,24,55,36,2,12,20,0,42,71,54,0,24,52,19,43,5,0,24,24,34,41,13,76,11,62,0,55,19,41,48,14,18,89,42,100,22,59,31,30,13,0,49,20,5,69,25,95,0,62,9,41,0,49,24,18,0,39,48,43,67,0,65,26,30,31,59,51,13,27,31,40,0,3,0,46,0,44,0,26,43,0,49,73,39,61,0,16,42,36,0,11,28,29,13,12,28,23,51,90,69,55,7,12,39,18,44,28,35,21,0,63,26,24,70,16,57,17,0,57,76,84,3,29,81,0,26,13,55,0,4,39,2,9,33,5,100,18,4,14,0,20,49,24,26,31,35,78,35,52,15,13,0,58,26,0,6,37,39,4,28,47,65,65,26,36,31,23,0,0,42,0,55,9,0,36,28,22,100,60,15,15,5,0,27,0,15,26,0,0,21,40,19,58,38,57,14,0,42,50,0,0,0,0,35,56,40,46,37,44,48,0,33,10,3,39,0,61,0,15,34,28,38,0,38,15,34,51,0,0,7,40,58,54,0,19,38,50,14,0,0,57,0,35,0,7,0,29,0,0,0,0,28,5,0,0,12
2020.2.16,20,64,27,9,57,32,39,0,52,10,0,0,74,85,0,26,56,47,17,0,0,30,31,45,0,35,63,25,21,12,0,68,0,23,31,4,10,54,9,15,0,16,14,82,20,45,27,5,67,25,36,0,0,13,0,0,24,46,15,0,42,8,41,41,41,81,8,13,0,68,0,0,0,31,44,45,23,0,53,6,17,13,0,45,66,73,0,21,0,19,27,2,55,11,11,38,0,0,0,12,68,74,56,29,78,39,7,15,70,41,24,43,48,38,29,18,18,45,19,9,79,25,73,0,51,16,55,42,14,27,22,0,35,48,24,23,0,52,8,39,56,47,49,18,22,57,8,28,4,51,50,0,30,28,10,41,0,50,73,43,69,3,45,40,26,0,10,36,23,14,19,29,0,48,53,100,36,17,34,0,35,48,94,20,33,0,60,29,35,87,31,22,16,0,42,74,0,4,33,47,16,100,10,67,39,68,21,4,6,30,0,0,0,11,16,23,0,46,34,25,24,39,100,17,33,18,17,0,28,37,0,3,27,41,3,27,45,62,96,25,26,21,44,38,0,35,0,53,25,79,52,19,0,50,78,12,10,5,0,0,26,17,25,0,0,47,0,27,35,24,44,14,69,57,43,0,0,0,0,34,53,47,22,23,27,34,0,32,11,4,28,12,51,0,17,8,27,32,16,60,16,32,38,0,0,5,40,49,53,0,49,0,29,27,0,0,28,0,26,0,7,0,31,41,0,0,0,27,5,0,0,35
2020.2.23,18,33,46,27,54,17,19,25,58,14,26,0,58,0,5,24,70,37,0,0,0,29,15,49,0,16,74,40,20,0,0,55,74,22,87,8,0,63,4,21,34,35,14,62,32,47,28,3,70,24,47,0,0,17,11,26,26,22,19,0,36,11,39,47,31,0,23,19,0,36,36,45,0,10,38,0,58,25,41,2,32,30,26,38,78,83,0,20,63,17,34,13,0,0,11,33,0,0,0,14,70,0,42,33,37,80,19,21,70,38,9,30,45,65,0,9,8,25,18,11,78,25,53,0,34,6,15,26,22,28,20,0,35,40,28,85,52,58,8,41,96,31,38,23,15,46,65,39,4,0,100,0,17,52,28,38,0,58,40,39,73,2,35,38,24,0,0,34,23,11,19,39,28,42,30,67,34,13,54,0,20,54,63,13,28,0,56,17,44,31,15,40,0,0,28,70,0,8,31,41,100,24,7,42,0,100,25,2,2,21,5,30,16,7,16,0,53,22,64,24,40,35,76,16,21,24,12,76,69,12,0,0,15,67,4,16,35,0,58,8,24,12,41,0,0,52,0,50,16,0,49,11,19,38,66,11,13,0,0,48,0,15,35,0,24,44,35,8,33,15,62,32,98,68,40,38,0,0,36,58,50,18,21,35,11,29,0,20,15,5,79,0,45,0,14,8,0,49,0,0,19,29,39,0,0,11,18,40,41,70,57,34,38,0,0,0,39,68,16,0,10,0,42,39,0,0,37,9,6,0,0,16
2020.3.1,24,43,43,9,56,30,26,100,27,0,0,81,44,0,24,24,35,53,16,23,7,44,15,42,0,28,29,47,20,23,0,52,0,17,29,2,0,50,4,32,14,29,13,72,31,29,25,6,100,27,39,0,0,4,17,0,22,44,42,0,33,12,28,39,31,0,8,0,45,78,0,45,0,29,30,0,43,24,54,6,21,54,26,33,85,62,0,18,31,24,59,15,51,0,0,24,0,12,0,23,71,35,49,66,37,49,6,16,100,50,0,40,41,36,27,100,13,44,17,0,57,21,50,24,44,10,7,0,48,23,24,0,44,50,44,34,51,27,39,35,58,44,48,40,23,23,7,51,4,0,12,44,6,39,24,0,0,51,43,47,64,4,63,56,32,0,19,17,9,26,25,25,7,60,80,84,31,12,27,35,41,65,0,18,64,36,83,17,43,77,29,14,15,0,34,72,38,13,15,50,61,0,6,35,0,58,20,1,10,24,10,0,0,0,18,44,18,22,84,0,67,33,50,16,26,34,16,38,52,23,0,0,40,71,4,24,81,58,45,31,72,16,41,36,0,19,0,50,32,36,41,16,0,80,67,18,18,10,0,8,49,7,23,0,24,31,0,21,30,16,59,32,32,23,36,0,0,0,0,26,25,80,0,59,32,50,0,100,9,4,35,23,80,0,11,15,25,41,0,23,21,30,29,0,0,13,19,54,41,0,63,0,26,13,0,35,66,0,24,0,7,0,21,59,43,16,37,17,4,0,51,0
2020.3.8,25,38,50,0,59,19,58,25,35,0,50,40,44,0,14,0,69,41,48,0,7,27,15,42,0,40,59,16,30,34,0,52,0,26,44,7,0,41,4,29,14,26,12,63,6,25,32,8,83,33,28,0,100,16,23,0,37,22,42,0,32,16,50,46,38,0,30,49,22,28,73,44,70,39,34,0,50,74,41,4,11,48,0,42,80,63,23,23,31,18,30,17,0,21,31,30,0,0,0,17,67,69,22,11,55,61,13,30,79,89,18,0,28,52,0,52,29,44,6,4,64,24,61,0,75,9,22,0,26,17,25,0,49,35,33,21,26,35,8,40,61,35,42,17,20,39,100,78,3,0,40,0,22,26,9,0,3,56,54,100,59,9,69,56,0,51,48,33,16,13,23,27,20,53,20,56,31,16,32,35,16,70,37,13,55,0,88,10,22,51,7,18,15,0,28,78,25,9,35,50,38,0,6,49,0,33,40,1,7,15,5,30,0,7,19,22,35,43,52,0,33,38,61,62,36,30,20,37,43,29,0,3,25,56,4,17,100,0,58,16,40,39,41,0,0,38,0,50,24,73,60,21,38,80,73,11,0,0,0,16,0,15,46,0,24,75,70,17,50,22,59,45,33,68,52,37,0,57,72,32,0,62,21,100,32,36,0,40,9,5,61,23,51,0,22,0,0,30,0,45,100,31,21,73,24,6,14,46,35,0,45,0,29,13,68,0,26,0,4,0,6,0,37,39,86,0,37,8,4,0,51,22
2020.3.15,16,32,59,0,46,15,38,0,26,18,25,0,12,0,33,35,34,41,47,22,39,20,0,41,0,55,58,15,39,0,0,54,0,17,57,2,0,32,6,26,33,20,12,63,6,41,32,4,75,45,40,30,0,20,11,0,27,64,32,31,40,17,16,53,41,0,37,24,22,49,35,44,0,9,52,0,56,48,18,6,26,46,0,30,62,53,0,12,30,22,21,10,0,0,10,35,36,0,0,15,72,34,37,22,45,47,19,100,69,38,13,19,32,35,26,13,29,20,6,6,77,22,50,47,46,9,7,26,64,27,22,0,61,51,32,66,25,26,23,33,39,38,41,22,20,34,49,0,3,15,57,43,11,25,9,37,3,27,75,89,57,2,54,0,31,100,28,33,13,9,20,22,0,44,59,41,24,9,42,34,32,52,12,15,54,0,58,20,42,56,14,23,15,39,30,77,49,14,45,55,15,0,7,34,0,56,29,1,4,16,5,29,0,0,13,0,43,64,52,0,55,26,23,31,35,23,31,74,34,28,75,5,32,48,4,24,38,57,44,23,27,43,40,0,0,32,0,24,39,36,31,17,0,27,54,11,65,0,23,47,24,4,23,0,0,49,34,20,23,20,51,37,47,67,43,0,4,75,35,30,0,52,60,64,17,32,0,19,8,9,0,0,75,0,16,15,48,35,0,0,24,38,52,0,23,6,14,37,66,0,22,33,43,13,0,0,51,0,12,0,13,0,39,38,42,0,0,100,8,0,0,11
2020.3.22,17,42,100,9,47,15,42,0,30,0,0,78,19,0,19,23,0,43,0,0,13,14,0,61,0,39,29,15,19,11,0,53,0,21,28,9,9,38,8,19,20,36,9,61,0,49,10,5,62,32,47,15,0,12,0,0,29,42,36,62,39,15,32,38,52,0,0,12,0,48,35,29,0,57,51,0,28,0,44,2,21,23,25,44,93,57,0,22,0,16,21,6,100,0,20,23,0,69,0,15,60,0,33,32,18,30,31,72,69,45,9,29,30,23,39,15,16,26,11,4,90,20,50,23,50,2,7,26,21,32,35,0,40,32,54,45,25,30,0,36,71,34,45,22,16,52,49,25,2,0,23,43,33,25,27,18,0,59,44,47,55,1,41,73,31,0,9,16,8,4,27,20,13,62,10,64,45,14,37,0,12,56,0,15,48,0,82,29,11,61,14,36,0,0,37,76,25,5,30,73,15,0,9,61,0,63,10,2,10,18,5,29,0,3,15,0,0,42,61,0,27,38,40,76,35,13,19,55,17,34,0,3,35,45,3,23,41,56,56,46,27,50,100,0,0,17,0,60,23,88,32,17,19,50,69,7,22,0,0,23,0,23,23,0,35,30,69,16,31,14,49,19,47,37,55,0,4,74,0,20,24,43,0,32,100,24,0,39,9,9,26,0,68,0,18,7,0,32,0,0,19,31,28,0,0,8,22,42,45,0,22,33,67,13,66,0,25,0,16,0,6,0,28,38,0,0,35,17,12,0,0,16
2020.3.29,16,32,93,9,74,11,40,0,69,14,0,78,93,0,14,23,34,45,0,0,0,21,43,20,66,39,72,46,39,22,72,41,72,21,28,7,14,60,4,20,20,19,11,66,25,70,29,4,97,36,44,30,33,0,22,0,25,42,100,0,33,18,16,45,37,37,22,12,22,28,35,15,69,47,59,41,14,47,31,16,10,12,25,37,90,60,0,78,45,16,41,2,0,21,41,18,36,23,0,100,61,68,33,32,54,53,6,58,70,35,9,19,26,16,0,13,16,24,6,13,80,20,57,0,75,6,14,26,46,18,38,0,34,25,38,62,25,69,60,47,80,21,50,11,24,34,21,50,2,15,23,0,39,0,32,37,0,45,39,49,74,4,41,36,31,0,56,33,8,15,20,26,100,29,29,65,27,14,16,0,8,56,49,18,60,0,71,16,0,100,21,38,15,0,27,76,24,13,50,67,0,0,5,68,0,7,24,2,10,21,7,0,0,3,10,43,69,32,21,0,49,37,42,61,70,39,23,74,42,17,0,3,50,34,3,22,64,0,100,23,55,27,40,34,0,32,0,0,23,0,31,22,0,41,60,27,30,5,0,23,24,8,68,0,23,24,34,16,29,30,51,13,32,59,47,37,4,37,0,36,24,43,20,23,69,28,0,58,9,9,60,11,37,0,11,0,48,30,0,11,20,33,35,0,0,15,22,37,82,0,38,100,57,25,0,0,38,0,20,0,9,38,36,0,41,31,36,17,10,0,25,21
2020.4.5,21,26,74,0,62,31,20,0,51,18,48,0,36,0,14,91,83,100,30,0,0,23,21,33,0,45,98,68,19,22,70,53,70,25,55,6,14,34,2,21,19,20,10,84,18,80,26,4,74,24,48,0,0,23,11,0,41,21,67,46,43,6,26,44,55,0,29,12,0,41,0,28,0,37,21,40,27,0,30,6,26,34,0,36,95,49,0,17,74,18,24,0,0,0,20,38,35,45,0,46,62,50,50,26,44,41,6,44,64,39,0,75,37,27,26,13,16,42,5,17,59,19,49,23,70,16,63,50,49,32,19,0,45,36,32,53,24,51,51,30,70,41,42,38,27,35,20,99,2,15,39,41,21,74,27,18,3,55,81,59,46,3,53,36,45,49,100,24,18,18,22,27,45,61,28,87,29,14,66,50,77,59,71,12,41,0,84,32,21,59,0,46,0,0,43,77,24,6,19,45,22,0,11,53,0,25,14,1,7,13,7,0,0,3,11,0,33,21,30,0,11,36,22,45,44,35,11,36,33,44,73,9,31,35,3,28,66,55,55,0,38,53,20,0,0,50,0,48,22,0,20,30,18,40,62,24,8,0,0,23,23,18,22,100,0,53,33,8,30,21,56,12,61,22,88,0,9,0,0,60,47,42,0,39,51,61,0,38,9,4,50,11,30,0,18,7,47,32,0,32,16,28,30,0,0,4,22,51,25,0,38,33,19,24,0,0,100,0,34,0,6,37,22,37,40,15,70,24,11,0,0,10
2020.4.12,18,67,74,8,93,23,43,24,30,0,49,0,43,0,47,0,33,73,15,0,13,14,28,27,0,11,0,38,38,33,0,49,0,33,0,6,36,38,4,18,26,22,14,57,12,56,40,4,57,38,48,0,97,8,0,0,26,41,58,31,40,14,43,55,85,0,36,12,22,20,0,100,0,27,43,0,69,23,56,100,20,17,0,34,88,44,0,21,30,14,44,6,49,0,30,16,0,11,0,29,70,50,43,21,26,64,12,35,67,44,4,38,25,50,0,10,8,41,8,8,80,19,65,0,64,4,42,25,54,23,19,0,55,18,10,49,37,30,22,25,79,50,47,11,23,37,0,0,2,15,33,42,33,49,22,0,0,46,68,49,66,4,46,36,38,49,74,16,19,20,9,24,20,54,29,80,53,11,41,0,31,49,72,15,38,0,79,48,10,76,14,29,28,38,36,75,48,4,24,63,29,0,11,54,0,42,19,2,10,28,4,28,0,3,7,0,59,0,30,0,48,32,47,0,44,32,30,0,33,27,0,3,24,36,3,21,33,55,31,15,69,30,19,0,0,30,0,59,45,35,49,18,19,54,57,13,25,0,0,46,0,16,33,0,23,36,0,20,29,13,45,24,31,58,31,36,17,37,0,100,24,42,19,17,51,21,0,19,7,5,67,33,43,0,23,11,24,35,0,54,13,36,10,0,46,8,48,70,41,0,27,32,24,12,0,0,50,0,19,0,6,0,15,73,0,0,0,20,9,0,0,0
2020.4.19,16,40,55,32,65,20,37,0,81,9,69,37,69,0,9,0,32,70,0,0,18,23,13,44,0,28,27,43,37,42,0,42,67,24,27,2,9,38,4,23,100,23,14,80,11,50,32,5,86,38,57,0,0,11,10,0,32,100,47,0,49,11,56,46,32,35,7,0,21,52,0,54,32,27,69,0,26,33,25,44,20,16,0,37,96,44,0,23,28,25,15,8,46,10,19,45,0,21,62,34,64,32,31,20,59,44,29,32,63,37,4,18,33,33,25,16,15,44,13,6,82,15,49,0,60,7,20,0,47,16,24,0,86,28,61,31,0,81,70,43,50,36,48,16,17,15,26,47,3,29,42,0,36,24,26,17,3,49,31,62,48,3,70,34,29,0,26,23,22,19,21,24,50,48,27,63,48,10,78,65,22,60,11,22,59,0,81,25,59,67,13,30,0,0,38,78,23,4,47,55,28,0,5,32,0,21,18,2,5,35,4,0,0,7,12,0,32,0,38,64,36,27,21,14,42,40,40,0,62,16,0,5,27,32,3,16,67,53,70,7,37,51,37,32,0,33,0,91,50,0,43,24,0,64,50,8,8,0,0,44,22,18,21,0,21,17,0,11,25,20,73,24,30,55,59,34,4,0,0,41,45,32,19,26,32,36,0,54,7,5,32,10,58,0,10,21,23,34,0,21,16,26,42,0,0,8,25,43,37,0,26,46,26,23,92,0,0,62,7,0,12,0,21,0,0,14,0,23,6,0,0,25